number,mainstory,name,centercharacterimage,rightcenterimage,leftcenterimage,backimage,stillimage,charactercolor,bgm,se,selectdisp,selectbutton_num,monthimage,selectbuttontext3,selectbuttontext1,selectbuttontext2,textcolor,fadeanimation,moveanimation
1,待ちに待った転校初日！,えみ,clear,clear,clear,back_school,0,0,normal,0,0,0,0,0,0,0,text_monologue,0,0
2,今日から通う小木原(おぎはら)学園ってどんな学園なんだろう？,えみ,clear,clear,clear,back_school,0,0,normal,0,0,0,0,0,0,0,text_monologue,0,0
3,転校初日っていうと私が大好きな乙女ゲームではイケメンと出会うのが基本だよね！,えみ,clear,clear,clear,back_school,0,0,normal,0,0,0,0,0,0,0,text_monologue,0,0
4,ひょっとしてこの学園への転校も沢山のイケメンと出会えるチャンスだったりして……？！,えみ,clear,clear,clear,back_school,0,0,normal,0,0,0,0,0,0,0,text_monologue,0,0
5,「キャー！」,女子生徒たち,clear,clear,clear,back_school,0,0,normal,0,0,0,0,0,0,0,text_mob,0,0
6,中庭のほうから女子生徒たちの悲鳴が聞こえてきた。,えみ,clear,clear,clear,back_school,0,0,normal,0,0,0,0,0,0,0,text_monologue,0,0
7,「キャー！OG☆３よ！」,女子生徒たち,clear,clear,clear,back_garden,0,0,normal,0,0,0,0,0,0,0,text_mob,0,0
8,「あの……OG☆３ってなんのことですか？」,えみ,clear,clear,clear,back_garden,0,0,normal,0,0,0,0,0,0,0,text_own,0,0
9,「あなた知らないの？！あの３人がOG☆３よ！！」,女子生徒A,clear,clear,clear,back_garden,0,0,normal,0,0,0,0,0,0,0,text_mob,0,0
10,女の子の指す方をみるとそこには大勢の女子に囲まれた３人のイケメンが見えた。,えみ,clear,clear,clear,back_garden,0,0,normal,0,0,0,0,0,0,0,text_monologue,0,0
11,「真ん中にいるのがスポーツ推薦で入ってきた１年生の本田琉絆空(るきあ)くん。他の２人とは幼馴染でよく一緒にいるみたい。」,女子生徒A,rukia,clear,clear,back_garden,0,0,normal,0,0,0,0,0,0,0,text_mob,0,0
12,「朝からキャーキャー言ってて本当女子って元気だよな～。」,本田 琉絆空,rukiatrouble,clear,clear,back_garden,0,0,normal,0,0,0,0,0,0,0,text_rukia,0,0
13,「その横にいる七三分けで頭のよさそうな人がいるでしょう？その人が生徒会長の目鏡(めがね)光くん。」,女子生徒A,hikaru,clear,clear,back_garden,0,0,normal,0,0,0,0,0,0,0,text_mob,0,0
14,「なんで僕らは日頃からこんなに囲まれてるんだ……。もうすぐ模試があるのに皆勉強しなくていいのか？」,目鏡 光,hikarutrouble,clear,clear,back_garden,0,0,normal,0,0,0,0,0,0,0,text_hikaru,0,0
15,「小柄でかわいい見た目の犬山桜児(おうじ)くんは２年生！名前通り演劇部でよく王子役をやってるんだって。」,女子生徒A,ouzi,clear,clear,back_garden,0,0,normal,0,0,0,0,0,0,0,text_mob,0,0
16,「やっほ～！みんな元気～？」,犬山 桜児,ouzismile,clear,clear,back_garden,0,0,normal,0,0,0,0,0,0,0,text_ouji,0,0
17,こ、ここは天国……？！転校初日から本当に乙女ゲームみたいなシチュエーションになっちゃった！,えみ,clear,clear,clear,back_garden,0,0,normal,0,0,0,0,0,0,0,text_monologue,0,0
18,この３人とお近づきになれたらいいな～。えへへ。えへへへへ。,えみ,clear,clear,clear,back_garden,0,0,normal,0,0,0,0,0,0,0,text_monologue,0,0
19,ドン！,,clear,clear,clear,black,0,0,0,attack,0,0,0,0,0,0,text_monologue,0,0
20,「おい……て……か？」,???,clear,clear,clear,black,0,0,dark,0,0,0,0,0,0,0,text_mob,0,0
21,何か声が聞こえる……？,えみ,clear,clear,clear,black,0,0,dark,0,0,0,0,0,0,0,text_monologue,0,0
22,「おい、お…てい……か？」,???,clear,clear,clear,black,0,0,dark,0,0,0,0,0,0,0,text_mob,0,0
23,私は一体何をしててこうなったんだっけ。乙女ゲームみたいな展開に浮かれて、それで……,えみ,clear,clear,clear,black,0,0,dark,0,0,0,0,0,0,0,text_monologue,0,0
24,「聞こえているのかと言っているんだ！」,???,clear,clear,clear,black,0,0,dark,0,0,0,0,0,0,0,text_mob,0,0
25,「ヴェ？！」,えみ,clear,clear,clear,black,0,0,dark,0,0,0,0,0,0,0,text_own,0,0
26,「銅像が喋った？？？！！」,えみ,clear,clear,clear,black,0,0,dark,0,0,0,0,0,0,0,text_own,0,0
27,「暇だから暖かな春の空気を満喫しておったらなんじゃその肩パンは！創立者に向かって肩パンて！」,銅像,statue,clear,clear,black,0,0,dark,0,0,0,0,0,0,0,text_mob,0,0
28,「いや肩パンしたつもりは……」,えみ,statue,clear,clear,black,0,0,dark,0,0,0,0,0,0,0,text_own,0,0
29,「うるさい！」,銅像,statue,clear,clear,black,0,0,dark,0,0,0,0,0,0,0,text_mob,0,0
30,「ﾋｴｯ！」,えみ,statue,clear,clear,black,0,0,dark,0,0,0,0,0,0,0,text_own,0,0
31,「どうせイケメンと乙女ゲームみたいな展開になるのを想像して周りが見えてなかったのじゃろう！」,銅像,statue,clear,clear,black,0,0,dark,0,0,0,0,0,0,0,text_mob,0,0
32,「ｷﾞｸｯ」,えみ,statue,clear,clear,black,0,0,dark,0,0,0,0,0,0,0,text_own,0,0
33,「そんなお調子者にはわしの暇つぶしとしてOG☆３のイケメンたち３人とも,銅像,statue,clear,clear,black,0,0,dark,0,0,0,0,0,0,0,text_mob,0,0
34,個性的なおじさんに見えちゃう呪いにかけてやるもんねェ？！」,銅像,statue,clear,clear,black,0,0,dark,0,0,0,0,0,0,0,text_mob,0,0
35,「な、なにそれ？！じゃあイケメン達とすごくドキドキライフ？する未来は消えたってこと？」,えみ,statue,clear,clear,black,0,0,dark,0,0,0,0,0,0,0,text_own,0,0
36,「その自信はどこからきとるんじゃ……まあいい。12月のクリスマスまでにおじさん化したOG☆３と愛を育み両思いになれ！,銅像,statue,clear,clear,black,0,0,dark,0,0,0,0,0,0,0,text_mob,0,0
37,そのときはまた、わしがおじさんに見える呪いを解いて見せよう！,銅像,statue,clear,clear,black,0,0,dark,0,0,0,0,0,0,0,text_mob,0,0
38,わしの暇つぶしコンテンツとして１年頑張るがよいぞ！ふぉふぉふぉ！」,銅像,statue,clear,clear,black,0,0,dark,0,0,0,0,0,0,0,text_mob,0,0
39,最悪……きっとこれは悪い夢だ、そうに違いない,えみ,clear,clear,clear,black,0,0,dark,0,0,0,0,0,0,0,text_monologue,0,0
40,「おい大丈夫か？！」,???,clear,clear,clear,black,0,0,dark,0,0,0,0,0,0,0,text_mob,0,0
41,「息はある様だが……」,???,clear,clear,clear,black,0,0,dark,0,0,0,0,0,0,0,text_mob,0,0
42,「起きて？！うーん、返事がないねぇ……」,???,clear,clear,clear,black,0,0,dark,0,0,0,0,0,0,0,text_mob,0,0
43,                                      ,,clear,clear,clear,back_classroom,0still_April,0,shock,0,0,0,0,0,0,0,text_own,0,0
44,「ぎゃーーーー！！！お・じ・さ・ん？！！！！」,えみ,clear,clear,clear,still_April,0,0,shock,0,0,0,0,0,0,0,text_own,0,0
45,「この僕に向かっておじさん……だと？！」,目鏡 光,ouziojitrouble,hikaruoji,rukiaoji,back_garden,0,2,shock,0,0,0,0,0,0,0,text_hikaru,0,0
46,「この子、まだ寝ぼけてるのかもね」,犬山 桜児,ouziojitrouble,hikaruoji,rukiaoji,back_garden,0,3,shock,0,0,0,0,0,0,0,text_ouji,0,0
47,「はは、こいつおもしれ～！」,本田 琉絆空,ouziojitrouble,hikaruoji,rukiaoji,back_garden,0,1,shock,0,0,0,0,0,0,0,text_rukia,0,0
48,転校初日からとんでもない目にあっちゃった……。私、イケメン達とドキドキ？トキメキライフする予定だったのに、,えみ,ouziojitrouble,hikaruoji,rukiaoji,back_garden,0,0,shock,0,0,0,0,0,0,0,text_monologue,0,0
49,これからこのおじさん達とシワシワ？ドギマギライフをおくんなきゃいけないの？？,えみ,ouziojitrouble,hikaruoji,rukiaoji,back_garden,0,0,shock,0,0,0,0,0,0,0,text_monologue,0,0
50,                           ,month5月,clear,clear,clear,back_classroom,0,0,0,jingle,0,0,month_May,0,0,0,text_mob,0,0
51,あれから数週間たったけど、未だにおじさんになったOG☆３に慣れないよ......。,えみ,clear,clear,clear,back_corridor,0,0,normal,0,0,0,0,0,0,0,text_monologue,0,0
52,クリスマスまでに OG☆３の誰かと両思いかぁ。,えみ,clear,clear,clear,back_corridor,0,0,normal,0,0,0,0,0,0,0,text_monologue,0,0
53,それを達成しないと３人が一生おじさんに見える呪いにかけてやるって言われたときは冗談だと思ったけど,えみ,clear,clear,clear,back_corridor,0,0,normal,0,0,0,0,0,0,0,text_monologue,0,0
54,数週間たってもおじさんに見えてるから本当なんだろうな......。,えみ,clear,clear,clear,back_corridor,0,0,normal,0,0,0,0,0,0,0,text_monologue,0,0
55,ていうかそろそろ誰かと仲良くならないとまずいぞ！どうしよう......。 ,えみ,clear,clear,clear,back_corridor,0,0,normal,0,0,0,0,0,0,0,text_monologue,0,0
56,「おい、大丈夫か？さっきからボーっとしているぞ。」,目鏡 光,hikaruoji,clear,clear,back_corridor,0,0,normal,0,0,0,0,0,0,0,text_hikaru,0,0
57,「ハッ！ごめんなさい、考え事をしてて......。」,えみ,hikaruoji,clear,clear,back_corridor,0,0,normal,0,0,0,0,0,0,0,text_own,0,0
58,OG☆３の３人は4月のあの日からなにかと気にかけてくれていて、幸い接点は途切れていない。OG☆３は見た目だけじゃなくて中身も優しいんだな～。,えみ,hikaruoji,clear,clear,back_corridor,0,0,normal,0,0,0,0,0,0,0,text_monologue,0,0
59,「あの日銅像にぶつかって以来、ボーっとしていることが増えたと言っていたが......本当に大丈夫か？」,目鏡 光,hikaruoji,clear,clear,back_corridor,0,0,normal,0,0,0,0,0,0,0,text_hikaru,0,0
60,「心配してくれてありがとうございます、光先輩！ ……でも、授業中もぼんやりすることが多くて内容がなかなか頭に入らないんですよね。」,えみ,hikaruoji,clear,clear,back_corridor,0,0,normal,0,0,0,0,0,0,0,text_own,0,0
61,「それは心配だな......。放課後勉強をみてやろう。」,目鏡 光,hikaruoji,clear,clear,back_corridor,0,0,normal,0,0,0,0,0,0,0,text_hikaru,0,0
62,教室,,clear,clear,clear,back_classroom,0,0,normal,0,0,0,0,0,0,0,text_monologue,0,0
63,「......じゃあここをこうして、こうすれば......！」,えみ,hikaruoji,clear,clear,back_classroom,0,0,normal,0,0,0,0,0,0,0,text_own,0,0
64,「正解だ。今日はここまでにしようか。」 ,目鏡 光,hikaruoji,clear,clear,back_classroom,0,0,normal,0,0,0,0,0,0,0,text_hikaru,0,0
65,「助かりました！ありがとうございます。」,えみ,hikaruoji,clear,clear,back_classroom,0,0,normal,0,0,0,0,0,0,0,text_own,0,0
66,「ああ。困っている生徒を助けるのは生徒会長の務めだからな。」,目鏡 光,hikaruoji,clear,clear,back_classroom,0,0,normal,0,0,0,0,0,0,0,text_hikaru,0,0
67,光先輩、勉強教えるのが上手くて早めに終われたな。これからどうしよう?,えみ,hikaruoji,clear,clear,back_classroom,0,0,normal,0,0,0,0,0,0,0,text_monologue,0,0
68, ,,hikaruoji,clear,clear,back_classroom,0,0,normal,0,1,2,0,0,ショッピングに誘う 帰る,69 94,0,0,0
69,やっぱりせっかくのチャンスだし光先輩を誘って仲良くなるべきだよね！,えみ,hikaruoji,clear,clear,back_classroom,0,0,normal,0,0,0,0,0,0,0,text_monologue,0,0
70,「光先輩、これから時間空いてますか？商店街で買いたいものがあって。」,えみ,hikaruoji,clear,clear,back_classroom,0,0,normal,0,0,0,0,0,0,0,text_own,0,0
71,「ああ。いいぞ。僕も行きたい所があったんだ」,目鏡 光,hikaruoji,clear,clear,back_classroom,0,0,normal,0,0,0,0,0,0,0,text_hikaru,0,0
72,光先輩が行きたい所ってどこなんだろう？,えみ,hikaruoji,clear,clear,back_classroom,0,0,normal,0,0,0,0,0,0,0,text_monologue,0,0
73,  ,                ,clear,clear,clear,back_classroom,0,0,normal,0,0,0,0,0,0,0,0,1,0
74,  ,                ,clear,clear,clear,back_shopload,0,0,normal,0,0,0,0,0,0,0,0,0,0
75,                                  ,  ,clear,clear,clear,back_shopload,0,0,normal,0,0,0,0,0,0,0,0,0,ファンシーショップ
76,「え、ここ……ですか？」,えみ,hikaruoji,clear,clear,back_shopload,0,0,street,0,0,0,0,0,0,0,text_own,0,0
77,「ここだ。」,目鏡 光,hikaruoji,clear,clear,back_shopload,0,0,street,0,0,0,0,0,0,0,text_hikaru,0,0
78,目の前にあるのは女子高生御用達のファンシーショップだ。,えみ,hikaruoji,clear,clear,back_shopload,0,0,street,0,0,0,0,0,0,0,text_monologue,0,0
79,「光先輩って意外とかわいいものが好きなんですね。」,えみ,hikaruoji,clear,clear,back_shopload,0,0,street,0,0,0,0,0,0,0,text_own,0,0
80,「別に僕がかわいい物好きな訳ではないからな。,目鏡 光,hikaruoji,clear,clear,back_shopload,0,0,street,0,0,0,0,0,0,0,text_hikaru,0,0
81,年の離れた妹に誕生日プレゼントを買いにきただけだ、勘違いしないでくれ。」,目鏡 光,hikaruoji,clear,clear,back_shopload,0,0,street,0,0,0,0,0,0,0,text_hikaru,0,0
82,ちょっとムキになっているようにみえるのは気のせい？,えみ,hikaruoji,clear,clear,back_shopload,0,0,street,0,0,0,0,0,0,0,text_monologue,0,0
83,「これもかわいいな……ぬいぐるみも捨て難いし……こっちの限定コラボのお菓子もいいな。」,目鏡 光,hikaruoji,clear,clear,back_shopload,0,0,fancyshop,0,0,0,0,0,0,0,text_hikaru,0,0
84,さっきから私そっちのけで真剣に悩んでるな,えみ,hikaruoji,clear,clear,back_shopload,0,0,fancyshop,0,0,0,0,0,0,0,text_monologue,0,0
85,かまって欲しいからイタズラしちゃえ！,えみ,hikaruoji,clear,clear,back_shopload,0,0,fancyshop,0,0,0,0,0,0,0,text_monologue,0,0
86,「光先輩！」,えみ,hikaruoji,clear,clear,back_shopload,0,0,fancyshop,0,0,0,0,0,0,0,text_own,0,0
87,           ,,clear,clear,clear,back_classroom,1still_May_hikaru,0,fancyshop,0,0,0,0,0,0,0,text_own,0,0
88,「な、なんだ？！」,目鏡 光,clear,clear,clear,still_May_hikaru,0,0,fancyshop,0,0,0,0,0,0,0,text_hikaru,0,0
89,「かわいい〜！その帽子似合ってますよ。」,えみ,clear,clear,clear,still_May_hikaru,0,0,fancyshop,0,0,0,0,0,0,0,text_own,0,0
90,「先輩に対してなにを……ってこれ持ってるぞ。かわいいよな、これ」,目鏡 光,hikaruoji,clear,clear,back_shopload,0,0,fancyshop,0,0,0,0,0,0,0,text_hikaru,0,0
91,「もってるんですか？！やっぱり光先輩ってかわいいものが好きなんですね。」,えみ,hikaruoji,clear,clear,back_shopload,0,0,fancyshop,0,0,0,0,0,0,0,text_own,0,0
92,「勘違いしないでくれ。妹からもらっただけだからな！」,目鏡 光,hikaruoji,clear,clear,back_shopload,0,0,fancyshop,0,0,0,0,0,0,0,text_hikaru,0,0
93,やっぱりかわいい物好きを否定しているときの光先輩はムキになっているような気がする。,えみ,hikaruoji,clear,clear,back_shopload,0,0,fancyshop,0,0,0,0,0,0,0,text_monologue,0,0
94,  ,                ,clear,clear,clear,back_shopload,0,0,fancyshop,0,0,0,0,0,0,0,0,1,0
95,「今日は本当にありがとうございました。」,えみ,hikaruoji,clear,clear,back_classroom,0,0,normal,0,0,0,0,0,0,0,text_own,0,0
96,「お疲れ様。」,目鏡 光,hikaruoji,clear,clear,back_classroom,0,0,normal,0,0,0,0,0,0,0,text_hikaru,0,0
97,今日は早く帰って教えてもらったところを復習しよう。,えみ,hikaruoji,clear,clear,back_classroom,0,0,normal,0,0,0,0,0,0,0,text_monologue,0,0
98,  ,                ,clear,clear,clear,back_classroom,0,0,normal,0,0,0,0,0,0,0,0,1,0
99,                                  ,  ,clear,clear,clear,back_heroineroom_night,0,0,room,0,0,0,0,0,0,0,0,0,部屋
100,夜, ,clear,clear,clear,back_heroineroom_night,0,0,room,0,0,0,0,0,0,0,text_monologue,0,0
101,あれ？イ〇スタのフォローリクエストがきてる。めずらしいな、どんな人だろう？,えみ,clear,clear,clear,back_heroineroom_night,0,0,room,0,0,0,0,0,0,0,text_monologue,0,0
102,………………？！,えみ,clear,clear,clear,back_heroineroom_night,0,0,room,0,0,0,0,0,0,0,text_monologue,0,0
103,ヒィ〜〜！！！おじさんの自撮りだらけ？！,えみ,clear,clear,clear,back_heroineroom_night,0,0,room,0,0,0,0,0,0,0,text_monologue,0,0
104,フォロワーも沢山いるし謎……あ、よく見るとおじさんになった桜児(おうじ)くんだ！,えみ,clear,clear,clear,back_heroineroom_night,0,0,room,0,0,0,0,0,0,0,text_monologue,0,0
105,おじさんに見える呪いって現実だけじゃなくて写真にもかかってるんだ……。,えみ,clear,clear,clear,back_heroineroom_night,0,0,room,0,0,0,0,0,0,0,text_monologue,0,0
106,それはともかく、桜児くんってもうすぐ誕生日か。,えみ,clear,clear,clear,back_heroineroom_night,0,0,room,0,0,0,0,0,0,0,text_monologue,0,0
107,おじさんに見える呪いを解くためにもお誕生日お祝いして親愛度上げないと！,えみ,clear,clear,clear,back_heroineroom_night,0,0,room,0,0,0,0,0,0,0,text_monologue,0,0
108,あ！桜児くんからDMきてる。,えみ,clear,clear,clear,back_heroineroom_night,0,0,room,0,0,0,0,0,0,0,text_monologue,0,0
109,「この前倒れてた子だよね？イ〇スタでもよろしくねっ！」,犬山 桜児,clear,clear,clear,back_heroineroom_night,0,0,room,0,0,0,0,0,0,0,text_ouji,0,0
110,桜児くんイ〇スタでも気さくだなー。誕生日のこと聞いてみよう。,えみ,clear,clear,clear,back_heroineroom_night,0,0,room,0,0,0,0,0,0,0,text_monologue,0,0
111,「桜児くんって今度誕生日なんだよね？」,えみ,clear,clear,clear,back_heroineroom_night,0,0,room,0,0,0,0,0,0,0,text_own,0,0
112,「そうだよ〜！」,犬山 桜児,clear,clear,clear,back_heroineroom_night,0,0,room,0,0,0,0,0,0,0,text_ouji,0,0
113,「桜児くんいつもクラスで馴染めるように沢山声かけてくれて助かってるから、お近づきの印に誕プレ渡してもいい？」,えみ,clear,clear,clear,back_heroineroom_night,0,0,room,0,0,0,0,0,0,0,text_own,0,0
114,「わ〜！嬉しい！ありがとー！誕プレ楽しみにしてるね！」,犬山 桜児,clear,clear,clear,back_heroineroom_night,0,0,room,0,0,0,0,0,0,0,text_ouji,0,0
115,誕生日プレゼント、何にしよう？,えみ,clear,clear,clear,back_heroineroom_night,0,0,room,0,0,0,0,0,0,0,text_monologue,0,0
116, , ,clear,clear,clear,back_heroineroom_night,0,0,room,0,1,3,0,スイーツ,スイーツ 煮干し１kg 手編みのマフラー,117 124 132,0,0,0
117,  ,                ,clear,clear,clear,back_heroineroom_night,0,0,normal,0,0,0,0,0,0,0,0,1,0
118,  ,                ,clear,clear,clear,back_classroom,0,0,normal,0,0,0,0,0,0,0,0,0,0
119,                                  ,  ,clear,clear,clear,back_classroom,0,0,normal,0,0,0,0,0,0,0,0,0,教室
120,今日は桜児くんの誕生日。私なりにイ〇スタ映えしそうなスイーツを選んでみたけど喜んでくれるかな……？,えみ,clear,clear,clear,back_classroom,0,0,normal,0,0,0,0,0,0,0,text_monologue,0,0
121,「桜児くん誕生日おめでとう！いつも話しかけてくれてありがとう！お近づきの印に可愛いスイーツを選んでみたよ。」,えみ,ouzioji,clear,clear,back_classroom,0,0,normal,0,0,0,0,0,0,0,text_own,0,0
122,「わ〜！かわいい！ありがとう！イ〇スタに載せちゃお！」,犬山 桜児,ouziojismile,clear,clear,back_classroom,0,0,normal,0,0,0,0,0,0,0,text_ouji,0,0
123,どうやら喜んでくれたみたいだ。よかった！,えみ,ouziojismile,clear,clear,back_classroom,0,0,normal,0,0,0,0,0,0,0,text_monologue,0,0
124,  ,                ,clear,clear,clear,back_heroineroom_night,0,0,normal,0,0,0,0,0,0,0,0,1,0
125,  ,                ,clear,clear,clear,back_classroom,0,0,normal,0,0,0,0,0,0,0,0,0,0
126,                                  ,  ,clear,clear,clear,back_classroom,0,0,normal,0,0,0,0,0,0,0,0,0,教室
127,今日は桜児くんの誕生日。思いきって煮干し1kgを選んで見たけど喜んでくれるかな……？,えみ,clear,clear,clear,back_classroom,0,0,normal,0,0,0,0,0,0,0,text_monologue,0,0
128,「桜児くん誕生日おめでとう！いつも話しかけてくれてありがとう！お近づきの印に煮干し1kgを選んでみたよ。」,えみ,ouzioji,clear,clear,back_classroom,0,0,normal,0,0,0,0,0,0,0,text_own,0,0
129,「え！やばい！僕誕生日に煮干し１kgもらったのはじめて！,犬山 桜児,ouziojismile,clear,clear,back_classroom,0,0,normal,0,0,0,0,0,0,0,text_ouji,0,0
130,実はイ〇スタで煮干しダイエットが流行ってるらしいから気になってたんだよね、今日から挑戦しちゃお！」,犬山 桜児,ouziojismile,clear,clear,back_classroom,0,0,normal,0,0,0,0,0,0,0,text_ouji,0,0
131,煮干しダイエット……？まぁいいや、予想外にもとても喜んでくれたみたい！よかった！,えみ,ouziojismile,clear,clear,back_classroom,0,0,normal,0,0,0,0,0,0,0,text_monologue,0,0
132,  ,                ,clear,clear,clear,back_heroineroom_night,0,0,normal,0,0,0,0,0,0,0,0,1,0
133,  ,                ,clear,clear,clear,back_classroom,0,0,normal,0,0,0,0,0,0,0,0,0,0
134,                                  ,  ,clear,clear,clear,back_classroom,0,0,normal,0,0,0,0,0,0,0,0,0,教室
135,今日は桜児くんの誕生日。私なりに頑張って手編みマフラーに挑戦したけど喜んでくれるかな……？,えみ,clear,clear,clear,back_classroom,0,0,normal,0,0,0,0,0,0,0,text_monologue,0,0
136,「桜児くん誕生日おめでとう！いつも話しかけてくれてありがとう！お近づきの印にこれ、手作りしてみたよ。」,えみ,ouzioji,clear,clear,back_classroom,0,0,normal,0,0,0,0,0,0,0,text_own,0,0
137,「え……？手作り？5月にマフラーって斬新だね〜、あはは、ありがとう……」,犬山 桜児,ouziojitrouble,clear,clear,back_classroom,0,0,normal,0,0,0,0,0,0,0,text_ouji,0,0
138,ちょっと引かれちゃった？,えみ,ouziojitrouble,clear,clear,back_classroom,0,0,normal,0,0,0,0,0,0,0,text_monologue,0,0
139,                           ,month6月,clear,clear,clear,back_classroom,0,0,0,jingle,0,0,month_June,0,0,0,text_mob,0,0
140,もうすぐ転校して2か月かぁ……OG☆３とも少しずつ仲良くなれている気がする！,えみ,clear,clear,clear,back_heroineroom_noon,0,0,room,0,0,0,0,0,0,0,text_monologue,0,0
141,桜児くんとは誕生日のとき以来、DMで時々会話している。,えみ,clear,clear,clear,back_heroineroom_noon,0,0,room,0,0,0,0,0,0,0,text_monologue,0,0
142,おじさんの自撮りだらけのイ〇スタもなんだか見なれちゃったかも。多分。,えみ,clear,clear,clear,back_heroineroom_noon,0,0,room,0,0,0,0,0,0,0,text_monologue,0,0
143,あ！今日も桜児くんからDMがきた！,えみ,clear,clear,clear,back_heroineroom_noon,0,0,room,0,0,0,0,0,0,0,text_monologue,0,0
144,「最近学園の近くにパンケーキ屋さんができたんだって〜！今度行かない？」,犬山 桜児,clear,clear,clear,back_heroineroom_noon,0,0,room,0,0,0,0,0,0,0,text_ouji,0,0
145,「そこ気になってるとこだ〜！」,えみ,clear,clear,clear,back_heroineroom_noon,0,0,room,0,0,0,0,0,0,0,text_own,0,0
146,「そのお店カップル割あるって！折角だしカップルとしていこうよ〜！」,犬山 桜児,clear,clear,clear,back_heroineroom_noon,0,0,room,0,0,0,0,0,0,0,text_ouji,0,0
147,不覚にもドキッとしてしまった……人気ものの桜児くんからすれば多分ファンサみたいなものなのに。,えみ,clear,clear,clear,back_heroineroom_noon,0,0,room,0,0,0,0,0,0,0,text_monologue,0,0
148,ていうかDMだから顔見えないし忘れてたけど、今の桜児くんは私から見ればおじさんの見た目なんだっだ。あぶないあぶない。,えみ,clear,clear,clear,back_heroineroom_noon,0,0,room,0,0,0,0,0,0,0,text_monologue,0,0
149,銅像の呪いにかけられなければこんな乙女ゲームみたいな展開、純粋に楽しめたのに〜！,えみ,clear,clear,clear,back_heroineroom_noon,0,0,room,0,0,0,0,0,0,0,text_monologue,0,0
150,呪いのせいとはいえおじさんとカップルとしてデートかぁ。,えみ,clear,clear,clear,back_heroineroom_noon,0,0,room,0,0,0,0,0,0,0,text_monologue,0,0
151,でもあのパンケーキ屋さん気になってたんだよね,えみ,clear,clear,clear,back_heroineroom_noon,0,0,room,0,0,0,0,0,0,0,text_monologue,0,0
152,返信どうしようかな？,えみ,clear,clear,clear,back_heroineroom_noon,0,0,room,0,0,0,0,0,0,0,text_monologue,0,0
153, , ,clear,clear,clear,back_heroineroom_noon,0,0,room,0,1,2,0,0,行く 行かない,155 185,0,0,0
154,桜児くんと仲良くなるチャンスだし行くしかないよね！ここのパンケーキ屋さん気になってたし楽しみだなぁ。,えみ,clear,clear,clear,back_heroineroom_noon,0,0,room,0,0,0,0,0,0,0,text_monologue,0,0
155,「私もそこのパンケーキすごく食べたかったし、いいよー！」,えみ,clear,clear,clear,back_heroineroom_noon,0,0,room,0,0,0,0,0,0,0,text_own,0,0
156,「じゃあ土曜日に学校の近くの商店街で待ち合わせね！」,犬山 桜児,clear,clear,clear,back_heroineroom_noon,0,0,room,0,0,0,0,0,0,0,text_ouji,0,0
157,  ,                ,clear,clear,clear,back_heroineroom_noon,0,0,room,0,0,0,0,0,0,0,0,1,0
158,  ,                ,clear,clear,clear,back_shopload,0,0,street,0,0,0,0,0,0,0,0,0,0
159,                                  ,  ,clear,clear,clear,back_shopload,0,0,street,0,0,0,0,0,0,0,0,0,商店街
160,……早めに着いちゃった。さすがに桜児くんも来てないみたい。,えみ,clear,clear,clear,back_shopload,0,0,street,0,0,0,0,0,0,0,text_monologue,0,0
161,「ごっめ〜ん！先にきてたんだね、待った？」,犬山 桜児,ouziojitrouble,clear,clear,back_shopload,0,0,street,0,0,0,0,0,0,0,text_ouji,0,0
162,「こっちが早めに着いちゃっただけだから大丈夫だよ。」,えみ,ouziojitrouble,clear,clear,back_shopload,0,0,street,0,0,0,0,0,0,0,text_own,0,0
163,   ,   ,clear,clear,clear,back_cafe,0,0,cafe,0,0,0,0,0,0,0,text_own,0,0
164,私達はそれぞれ好みのトッピングが乗ったパンケーキを選んだ。,えみ,clear,clear,clear,back_cafe,0,0,cafe,0,0,0,0,0,0,0,text_monologue,0,0
165,「お待たせいたしました。ご注文のパンケーキでございます。」,店員,clear,clear,clear,back_cafe,0,0,cafe,0,0,0,0,0,0,0,text_mob,0,0
166,「わ〜っ！おいしそう！みてみて！この飾りのクッキー可愛い〜っ！イ〇スタに載せちゃお！」,犬山 桜児,ouziojismile,clear,clear,back_cafe,0,0,cafe,0,0,0,0,0,0,0,text_ouji,0,0
167,桜児くんいつもよりテンション高い。見た目はおじさんに見えてるけど私より女子高生みたいなテンションだ……,えみ,ouziojismile,clear,clear,back_cafe,0,0,cafe,camera,0,0,0,0,0,0,text_monologue,0,0
168,「私もイ〇スタにパンケーキの写真のせよう！」,えみ,ouziojismile,clear,clear,back_cafe,0,0,cafe,0,0,0,0,0,0,0,text_own,0,0
169,元々乙女ゲームしてばっかりしててイ○スタは投稿してなかったけど、桜児くんといると私もつられてイ〇スタに投稿したくなっちゃった。,えみ,ouziojismile,clear,clear,back_cafe,0,0,cafe,camera,0,0,0,0,0,0,text_monologue,0,0
170,           ,,clear,clear,clear,back_cafe,0,0,cafe,0,0,0,0,0,0,0,0,0,0
171,「あ〜！パンケーキおいしかった！」,犬山 桜児,ouziojismile,clear,clear,back_cafe,0,0,cafe,0,0,0,0,0,0,0,text_ouji,0,0
172,「奢ってくれてありがとう……本当に大丈夫なの？」,えみ,ouziojismile,clear,clear,back_cafe,0,0,cafe,0,0,0,0,0,0,0,text_own,0,0
173,「カップル割でパンケーキ食べよって誘ったの僕だし全然いいよー！ファンサだよっ！」,犬山 桜児,ouzioji,clear,clear,back_cafe,0,0,cafe,0,0,0,0,0,0,0,text_ouji,0,0
174,今の見た目がおじさんなせいでパパ活してる人みたいな気分になっちゃったけど。,えみ,ouzioji,clear,clear,back_cafe,0,0,cafe,0,0,0,0,0,0,0,text_monologue,0,0
175,「ねぇねぇ！折角だしツーショ撮らない？これもファンサってことで！」,犬山 桜児,ouzioji,clear,clear,back_cafe,0,0,cafe,0,0,0,0,0,0,0,text_ouji,0,0
176,桜児くんはファンサって言いながら色んなことをしてくれるなぁ。,えみ,ouzioji,clear,clear,back_cafe,0,0,cafe,0,0,0,0,0,0,0,text_monologue,0,0
177,「こっちきて！撮るよ〜」,犬山 桜児,ouzioji,clear,clear,back_cafe,0,0,cafe,0,0,0,0,0,0,0,text_ouji,0,0
178,  ,  ,clear,clear,clear,back_classroom,2still_June,0,cafe,0,0,0,0,0,0,0,text_own,0,0
179,「うん！いい感じ！二人とも盛れてる〜っ！」,犬山 桜児,ouziojismile,clear,clear,back_cafe,0,0,cafe,camera,0,0,0,0,0,0,text_ouji,0,0
180,そ、そうなんだ……桜児くんが普通の男の子に戻った時のために写真大切に残しとかなきゃ！,えみ,ouziojismile,clear,clear,back_cafe,0,0,cafe,0,0,0,0,0,0,0,text_monologue,0,0
181,「これもイ〇スタにのせるの？」,えみ,ouziojismile,clear,clear,back_cafe,0,0,cafe,0,0,0,0,0,0,0,text_own,0,0
182,「んーん！これは二人だけの写真だよ。可愛い子との写真を載せたら他の子達が嫉妬しちゃうから！」,犬山 桜児,ouziojismile,clear,clear,back_cafe,0,0,cafe,0,0,0,0,0,0,0,text_ouji,0,0
183,わ〜！これも元の姿で言われたかったよ〜！呪いを解くためにがんばらなきゃ。,えみ,ouziojismile,clear,clear,back_cafe,0,0,cafe,0,0,0,0,0,0,0,text_monologue,0,0
184,今月はお小遣い使い過ぎちゃってパンケーキを食べる余裕はないな……,えみ,clear,clear,clear,back_heroineroom_noon,0,0,room,0,0,0,0,0,0,0,text_monologue,0,0
185,「パンケーキ食べたかったけど今月金欠で行けそうにないな！ごめんね！」,えみ,clear,clear,clear,back_heroineroom_noon,0,0,room,0,0,0,0,0,0,0,text_own,0,0
186,「そういうときもあるよね〜！他の人誘うから気にしないで！」,犬山 桜児,clear,clear,clear,back_heroineroom_noon,0,0,room,0,0,0,0,0,0,0,text_ouji,0,0
187,か、悲しい……また金欠にならないようにバイトして稼がないと！,えみ,clear,clear,clear,back_heroineroom_noon,0,0,room,0,0,0,0,0,0,0,text_monologue,0,0
188,  ,month7月,clear,clear,clear,back_classroom,0,0,0,jingle,0,0,month_July,0,0,0,text_mob,0,0
189,                                  ,  ,clear,clear,clear,back_garage,0,0,normal,0,0,0,0,0,0,0,0,0,倉庫
190,今日は体育祭。昨日まで天気が不安だったけど、無事に晴れてよかった！,えみ,clear,clear,clear,back_garage,0,0,normal,0,0,0,0,0,0,0,text_monologue,0,0
191,私は小道具の係になったから朝から忙しいし気合い入れて頑張ろう！,えみ,clear,clear,clear,back_garage,0,0,normal,0,0,0,0,0,0,0,text_monologue,0,0
192,────皆よりもちょっと遅めに来ちゃったから軽めの荷物は運ばれちゃったみたい……,えみ,clear,clear,clear,back_garage,0,0,normal,0,0,0,0,0,0,0,text_monologue,0,0
193,さっき気合い入れて頑張ろうとしてたのに、重そうな小道具ばかりでやる気なくなりそう。,えみ,clear,clear,clear,back_garage,0,0,normal,0,0,0,0,0,0,0,text_monologue,0,0
194,でも係の仕事だしそんなこと言ってられないよね。頑張るぞ！,えみ,clear,clear,clear,back_garage,0,0,normal,0,0,0,0,0,0,0,text_monologue,0,0
195,｢ぐぐぐ、重い！｣,えみ,clear,clear,clear,back_garage,0,0,normal,0,0,0,0,0,0,0,text_own,0,0
196,なんとか持てたけどフラフラしちゃう、よ……わっ！,えみ,clear,clear,clear,back_garage,0,0,normal,0,0,0,0,0,0,0,text_monologue,0,0
197,｢先輩、大丈夫？！｣,本田 琉絆空,rukiaoji,clear,clear,back_garage,0,0,normal,0,0,0,0,0,0,0,text_rukia,0,0
198,｢琉絆空くん？！｣,えみ,rukiaoji,clear,clear,back_garage,0,0,normal,0,0,0,0,0,0,0,text_own,0,0
199,　                                                                       ,　,clear,clear,clear,back_garage,3still_July_rukia,0,normal,0,0,0,0,0,0,0,text_own,0,0
200,｢女の子がこんなに重い荷物持っちゃだめだろ？俺が持つからさ！｣,本田 琉絆空,clear,clear,clear,still_July_rukia,0,0,normal,0,0,0,0,0,0,0,text_rukia,0,0
201,｢あ、ありがとう……！｣,えみ,clear,clear,clear,still_July_rukia,0,0,normal,0,0,0,0,0,0,0,text_own,0,0
202,へ〜、おじさんって力持ちなんだな〜。,えみ,clear,clear,clear,back_ground_noon,0,0,normal,0,0,0,0,0,0,0,text_monologue,0,0
203,ってちがうちがう！呪いのせいでそう見えてるだけで高校生の男子なんだった。,えみ,clear,clear,clear,back_ground_noon,0,0,normal,0,0,0,0,0,0,0,text_monologue,0,0
204,最近おじさんの姿のOG☆3に見慣れてきてる！,えみ,clear,clear,clear,back_ground_noon,0,0,normal,0,0,0,0,0,0,0,text_monologue,0,0
205,あの性格の悪い銅像に洗脳されちゃうよ〜！,,clear,clear,clear,back_ground_noon,0,0,normal,0,0,0,0,0,0,0,text_monologue,0,0
206,琉絆空くんの協力のおかげで無事に係の仕事も終わってよかった！,えみ,clear,clear,clear,back_ground_noon,0,0,normal,0,0,0,0,0,0,0,text_monologue,0,0
207,私の出番はまだだから友達の応援でもしようかな。,えみ,clear,clear,clear,back_ground_noon,0,0,normal,0,0,0,0,0,0,0,text_monologue,0,0
208,｢キャーーーーｯ！！｣,女子生徒たち,clear,clear,clear,back_ground_noon,0,0,normal,0,0,0,0,0,0,0,text_mob,0,0
209,？！！,えみ,clear,clear,clear,back_ground_noon,0,0,normal,0,0,0,0,0,0,0,text_monologue,0,0
210,女子たちの歓声が聞こえてくる。なんだろう？,えみ,clear,clear,clear,back_ground_noon,0,0,normal,0,0,0,0,0,0,0,text_monologue,0,0
211,｢桜児くんがんばってー！｣,女子生徒たち,clear,clear,clear,back_ground_noon,0,0,normal,0,0,0,0,0,0,0,text_mob,0,0
212,歓声を向けられている方を見ると、リレーのアンカーとしてバトンを待つ桜児くんが見えた。,,clear,clear,clear,back_ground_noon,0,0,normal,0,0,0,0,0,0,0,text_monologue,0,0
213,桜児くんの前の人は一位と大差つけられて二位みたい。,えみ,clear,clear,clear,back_ground_noon,0,0,normal,0,0,0,0,0,0,0,text_monologue,0,0
214,おじさんの呪いをかけられる前の桜児くんを思い出すと、小柄で女の子みたいだし大丈夫かな……？,えみ,clear,clear,clear,back_ground_noon,0,0,normal,0,0,0,0,0,0,0,text_monologue,0,0
215,ちょっと心配だけど桜児くんにがんばってほしいし私も応援しよう！,えみ,clear,clear,clear,back_ground_noon,0,0,normal,0,0,0,0,0,0,0,text_monologue,0,0
216,｢桜児くんがんばれーー！！｣,えみ,clear,clear,clear,back_ground_noon,0,0,normal,0,0,0,0,0,0,0,text_own,0,0
217,ついに桜児くんにバトンが渡ったその時​─────,  ,clear,clear,clear,back_ground_noon,0,0,normal,0,0,0,0,0,0,0,text_monologue,0,0
218,    ,  ,clear,clear,clear,back_classroom,4still_July_ouzi,0,normal,0,0,0,0,0,0,0,text_own,0,0
219,｢おまたせ〜！ごめんね一位の人！抜かしちゃうよ！｣,犬山 桜児,clear,clear,clear,still_July_ouzi,0,0,normal,0,0,0,0,0,0,0,text_ouji,0,0
220,｢キャーーー！｣,女子生徒たち,clear,clear,clear,still_July_ouzi,0,0,normal,0,0,0,0,0,0,0,text_mob,0,0
221,桜児くん速い！あっという間に一位の人を抜かしちゃった！,えみ,clear,clear,clear,still_July_ouzi,0,0,normal,0,0,0,0,0,0,0,text_monologue,0,0
222,桜児くんって見かけによらず運動神経よかったんだ……,えみ,clear,clear,clear,back_ground_noon,0,0,normal,0,0,0,0,0,0,0,text_monologue,0,0
223,リレーが終わって桜児くんは応援席にきてくれた。,えみ,clear,clear,clear,back_ground_noon,0,0,normal,0,0,0,0,0,0,0,text_monologue,0,0
224,｢桜児くんお疲れ様！｣,えみ,ouziojismile,clear,clear,back_ground_noon,0,0,normal,0,0,0,0,0,0,0,text_own,0,0
225,｢応援ありがとうね！次の綱引き出るんだよね？がんばれ〜！｣,犬山 桜児,ouziojismile,clear,clear,back_ground_noon,0,0,normal,0,0,0,0,0,0,0,text_ouji,0,0
226,桜児くんはやっぱりファンサが手厚いな〜。応援してくれてるし、綱引きがんばるぞ！,えみ,ouziojismile,clear,clear,back_ground_noon,0,0,normal,0,0,0,0,0,0,0,text_monologue,0,0
227,    ,   ,clear,clear,clear,back_ground_noon,0,0,normal,0,0,0,0,0,0,0,0,0,0
228,｢位置について、よーい……｣,生徒A,clear,clear,clear,back_ground_noon,0,0,normal,0,0,0,0,0,0,0,text_mob,0,0
229,ピストルの音がなる。,　,clear,clear,clear,back_ground_noon,0,0,normal,0,0,0,0,0,0,0,text_monologue,0,0
230,相手のチームすごい力だ……！力には自信ないけど頑張らなくちゃ！,えみ,clear,clear,clear,back_ground_noon,0,0,normal,0,0,0,0,0,0,0,text_monologue,0,0
231,自分たちのチームも負けじと綱を引いている。いい感じ！,えみ,clear,clear,clear,back_ground_noon,0,0,normal,0,0,0,0,0,0,0,text_monologue,0,0
232,｢うっ！痛い｣,えみ,clear,clear,clear,back_ground_noon,0,0,normal,0,0,0,0,0,0,0,text_own,0,0
233,手と綱が擦れてすごく痛い……！,えみ,clear,clear,clear,back_ground_noon,0,0,normal,0,0,0,0,0,0,0,text_monologue,0,0
234,でも、もう少しで勝てそう！我慢我慢……,えみ,clear,clear,clear,back_ground_noon,0,0,normal,0,0,0,0,0,0,0,text_monologue,0,0
235,その時、相手チームか凄い力で綱を引いてきた。,えみ,clear,clear,clear,back_ground_noon,0,0,normal,0,0,0,0,0,0,0,text_monologue,0,0
236,｢わっ！｣,えみ,clear,clear,clear,back_ground_noon,0,0,normal,0,0,0,0,0,0,0,text_own,0,0
237,｢っ……！｣,えみ,clear,clear,clear,back_ground_noon,0,0,normal,0,0,0,0,0,0,0,text_own,0,0
238,凄い勢いで転けちゃった、恥ずかしい……,えみ,clear,clear,clear,back_ground_noon,0,0,normal,0,0,0,0,0,0,0,text_monologue,0,0
239,｢怪我をしている……この様子だと大丈夫そうではないな。保健室に向かおう。｣,目鏡 光,clear,clear,clear,back_ground_noon,0,0,normal,0,0,0,0,0,0,0,text_hikaru,0,0
240,｢なんで先輩が……って、えっ？！！｣,えみ,clear,clear,clear,back_ground_noon,0,0,normal,0,0,0,0,0,0,0,text_own,0,0
241,   ,   ,clear,clear,clear,back_classroom,5still_July_hikaru,0,normal,0,0,0,0,0,0,0,text_own,0,0
242,私、お姫様だっこされてる？！！,えみ,clear,clear,clear,still_July_hikaru,0,0,normal,0,0,0,0,0,0,0,text_monologue,0,0
243,｢僕はリレーなどは得意ではないから綱引きに出たんだ。おかげで君を助けることができてよかった。｣,目鏡 光,clear,clear,clear,still_July_hikaru,0,0,normal,0,0,0,0,0,0,0,text_hikaru,0,0
244,｢あの子目鏡生徒会長にお姫様だっこされてる、いいな〜……｣,女子生徒たち,clear,clear,clear,still_July_hikaru,0,0,normal,0,0,0,0,0,0,0,text_mob,0,0
245,ひぃ、そうだった、光先輩って本来はイケメンなんだった。,えみ,clear,clear,clear,still_July_hikaru,0,0,normal,0,0,0,0,0,0,0,text_monologue,0,0
246,周りの女子たちに羨望の眼差しで見られてる……,えみ,clear,clear,clear,still_July_hikaru,0,0,normal,0,0,0,0,0,0,0,text_monologue,0,0
247,  ,                ,clear,clear,clear,still_July_hikaru,0,0,normal,0,0,0,0,0,0,0,0,1,0
248,  ,                ,clear,clear,clear,still_July_hikaru,0,0,normal,0,0,0,0,0,0,0,0,0,0
249,                                  ,  ,clear,clear,clear,back_dispensary,0,0,normal,0,0,0,0,0,0,0,0,0,保健室
250,｢あの、光先輩！保健室まで運んでくださってありがとうございます。すみません、迷惑をかけちゃって……｣,えみ,hikaruoji,clear,clear,back_dispensary,0,0,normal,0,0,0,0,0,0,0,text_own,0,0
251,｢気にしないでくれ。一生懸命頑張った結果だからな。｣,目鏡 光,hikaruoji,clear,clear,back_dispensary,0,0,normal,0,0,0,0,0,0,0,text_hikaru,0,0
252,やっぱり光先輩って優しいな……,えみ,hikaruoji,clear,clear,back_dispensary,0,0,normal,0,0,0,0,0,0,0,text_monologue,0,0
253,無事に体育祭が終わった。今日は色んな人に助けられた一日だったな……今度お礼をしなくちゃ！,えみ,clear,clear,clear,back_classroom_afternoon,0,0,normal,0,0,0,0,0,0,0,text_monologue,0,0
254,  ,                ,clear,clear,clear,back_classroom_afternoon,0,0,normal,0,0,0,0,0,0,0,0,1,6
255,           ,                ,clear,clear,clear,back_classroom_afternoon,0,0,normal,0,0,0,0,0,0,0,0,2,6
256,                                  ,          ,clear,clear,clear,back_classroom,0,0,normal,0,0,0,0,0,0,0,0,2,6
257,8月, ,clear,clear,clear,back_classroom,0,0,0,0,0,0,month_August,0,0,0,text_mob,0,5
258, ,month9月,clear,clear,clear,back_classroom,0,0,0,0,0,0,month_September,0,0,0,text_mob,0,5
259,あーとうとう夏休み終わっちゃったな。全然遊びたりないよ......ん?,えみ,,,,,,,,,,,,,,,,,
260,花火大会のポスター?来週か〜行きたいな。でも誰を誘おう?,えみ,,,,,,,,,,,,,,,,,
261,「「う〜ん......」」,えみ＆？？？,,,,,,,,,,,,,,,,,
262,「って[主人公の名前]先輩?!」,本田 琉絆空,,,,,,,,,,,,,,,,,
263,「もしかして琉絆空くんもこのポスター見てた?」,えみ,,,,,,,,,,,,,,,,,
264,「はい、でも誰誘おうかなって......」,本田 琉絆空,,,,,,,,,,,,,,,,,
265, ,,,,,,,,,,,,,,,,,,
266,「誰か行く人見つかればいいね」,えみ,,,,,,,,,,,,,「誰か見つかるといいね。」,「え!?私も」,,,
267,「そうなんすよ。光と桜児でも誘ってみるか〜」,本田 琉絆空,,,,,,,,,,,,,,,,,
268,OG☆3 の 3 人は幼なじみなだけあってやっぱり仲良しなんだな〜,えみ,,,,,,,,,,,,,,,,,
269,「え!?私も」,えみ,,,,,,,,,,,,,,,,,
270,「マジすか?!せっかくなんで一緒に行きましょうよ!」,本田 琉絆空,,,,,,,,,,,,,,,,,
271,成り行きで花火大会いくことになったけどこれってデートじゃない?!,えみ,,,,,,,,,,,,,,,,,
272,このチャンス絶対に活かしてみせる!,えみ,,,,,,,,,,,,,,,,,
273,  ,                ,0,0,0,11,0,0,5,0,0,0,0,0,0,0,5,1,1
274,           ,                ,0,0,0,11,0,0,5,0,0,0,0,0,0,0,5,2,1
275,                                  ,  ,0,0,0,8,0,0,5,0,0,0,0,0,0,0,5,3,1
276,「屋台の飯美味そ〜!!」[花火大会当日][祭背景][人混み SE],本田 琉絆空,,,,,,,,,,,,,,,,,
277,琉絆空くんの瞳がいつになく輝いてる......。,えみ,,,,,,,,,,,,,,,,,
278,「箸巻き 3 つください!」,本田 琉絆空,,,,,,,,,,,,,,,,,
279,3 つ?!,えみ,,,,,,,,,,,,,,,,,
280,「たこ焼きも焼きそばもたべちゃお!」,本田 琉絆空,,,,,,,,,,,,,,,,,
281,さっき箸巻き 3 つたべたのに?!,えみ,,,,,,,,,,,,,,,,,
282,「かき氷も!」,本田 琉絆空,,,,,,,,,,,,,,,,,
283,琉絆空くんめっちゃ食べてる......私もなにか食べようかな?,えみ,,,,,,,,,,,,,,,,,
284,わたあめの屋台もあるし、ポテトもすて難いし......,えみ,,,,,,,,,,,,,,,,,
285,ってあれ?!琉絆空くんどこ?![BGM 悲しげ],えみ,,,,,,,,,,,,,,,,,
286,人混み凄くてはぐれちゃった......,えみ,,,,,,,,,,,,,,,,,
287,どうしよう、ちゃんとはぐれないように気をつけてたはずなのに。,えみ,,,,,,,,,,,,,,,,,
288,もっと離れてしまう前に琉絆空くんを見つけなきゃ!,えみ,,,,,,,,,,,,,,,,,
289,「キャー♡」,女性達,,,,,,,,,,,,,,,,,
290,「ん?この悲鳴......まさか!」,えみ,,,,,,,,,,,,,,,,,
291,やっぱり!女の子に囲まれているおじさんがいる。,えみ,,,,,,,,,,,,,,,,,
292,「いやいや、今日は一緒に来てる子がいて......あ!」,本田 琉絆空,,,,,,,,,,,,,,,,,
293,「見つけた」[BGM 止まる],本田 琉絆空,,,,,,,,,,,,,,,,,
294,[スチル表示],,,,,,,,,,,,,,,,,,
295,「えっ......手」,えみ,,,,,,,,,,,,,,,,,
296,「これでもう迷子にならないっすよね。」,本田 琉絆空,,,,,,,,,,,,,,,,,
297,「あ......ありがとう」,えみ,,,,,,,,,,,,,,,,,
298,「まもなく花火打ち上げの時間となっております。[BGM 戻す],アナウンス,,,,,,,,,,,,,,,,,
299,20 時に屋台の照明が消えますので──────」,アナウンス,,,,,,,,,,,,,,,,,
300,「もうそんな時間?!私も急いで屋台で食べ物買わなきゃ!」,えみ,,,,,,,,,,,,,,,,,
301,「今度ははぐれないようにしましょうね。」,本田 琉絆空,,,,,,,,,,,,,,,,,
302,[画面暗く],,,,,,,,,,,,,,,,,,
303,[花火画像表示][※立ち絵は表示しない],,,,,,,,,,,,,,,,,,
304,「綺麗......」,2 人,,,,,,,,,,,,,,,,,
305,「夏の思い出増えましたね。」,本田 琉絆空,,,,,,,,,,,,,,,,,
306,「そうだね」,えみ,,,,,,,,,,,,,,,,,
307,花火の中聞こえる琉絆空くんの声優しかった。,,,,,,,,,,,,,,,,,,
308, ,month10月,0,0,0,0,0,0,0,2,0,0,10,0,0,0,4,0,5
309,「い……………………おい……………………聞こえているか？」,???,0,0,0,16,0,0,1,0,0,0,0,0,0,0,4,0,0
310,「んぅ………………」,えみ,0,0,0,16,0,0,1,0,0,0,0,0,0,0,0,0,0
311,「起きんか！重要な知らせがあるのじゃ！」,???,0,0,0,16,0,0,1,0,0,0,0,0,0,0,4,0,0
312,「げ、この声とこの話しかけ方は！……意地の悪い銅像！！！の、幻聴？夢？」,えみ,0,0,0,16,0,0,1,0,0,0,0,0,0,0,0,0,0
313,「意地の悪いとはなんじゃ！ただ暇つぶしにおぬしだけにおじさんの幻覚がみえる呪いを……,銅像,0,0,0,16,0,0,1,0,0,0,0,0,0,0,4,0,0
314,……ってわし性格悪いのう？！」,銅像,0,0,0,16,0,0,1,0,0,0,0,0,0,0,4,0,0
315,「一応、自覚はあったんだ！」,えみ,0,0,0,16,0,0,1,0,0,0,0,0,0,0,0,0,0
316,「近頃OG☆3の3人との中はどうじゃ？」,銅像,0,0,0,16,0,0,1,0,0,0,0,0,0,0,4,0,0
317,「こんな夜中に銅像のおじさんとガールズトークかよ！」,えみ,0,0,0,16,0,0,1,0,0,0,0,0,0,0,0,0,0
318,「わしは爺さんじゃが？」,銅像,0,0,0,16,0,0,1,0,0,0,0,0,0,0,4,0,0
319,「……まぁ話を戻すが、わしは4月に「クリスマスまで「両思いにならないとOG☆3がおじさんに見える呪いは解かない」と言ったな？」,銅像,0,0,0,16,0,0,1,0,0,0,0,0,0,0,4,0,0
320,「はい……」,えみ,0,0,0,16,0,0,1,0,0,0,0,0,0,0,0,0,0
321,「呪いの解く呪文を忘れてしまったのじゃ」,銅像,0,0,0,16,0,0,1,0,0,0,0,0,0,0,4,0,0
322,「ハァ？！！！」,えみ,0,0,0,16,0,0,1,0,0,0,0,0,0,0,0,0,0
323,「ただし、思い出す方法が1つある」,銅像,0,0,0,16,0,0,1,0,0,0,0,0,0,0,4,0,0
324,「どんな方法なの？」,えみ,0,0,0,16,0,0,1,0,0,0,0,0,0,0,0,0,0
325,「我が校では、毎年文化祭で最も活躍した人が選ばれる『小木原賞』というものが選ばれるのじゃが,銅像,0,0,0,16,0,0,1,0,0,0,0,0,0,0,4,0,0
326,実はそのときに渡される伝統のトロフィーにこっそりラクガキしてしまったんじゃ」,銅像,0,0,0,16,0,0,1,0,0,0,0,0,0,0,4,0,0
327,(生前からとんでもない野郎ね),えみ,0,0,0,16,0,0,1,0,0,0,0,0,0,0,0,0,0
328,「そのラクガキの言葉が呪文になっておるのじゃ、どうにか手に入れてくれんかのう」,銅像,0,0,0,16,0,0,1,0,0,0,0,0,0,0,4,0,0
329,  ,                ,0,0,0,16,0,0,0,0,0,0,0,0,0,0,5,1,6
330,           ,                ,0,0,0,16,0,0,0,0,0,0,0,0,0,0,5,2,6
331,                                  ,  ,0,0,0,17,0,0,0,0,0,0,0,0,0,0,5,2,6
332,なんか嫌な夢みたな…………ていうかちゃんとハッキリ覚えてるから本当のことかも,えみ,0,0,0,17,0,0,1,0,0,0,0,0,0,0,0,0,0
333, ,month11月,0,0,0,0,0,0,1,0,0,0,11,0,0,0,4,0,0
334,今日は文化祭！例のトロフィーのために文化祭の実行委員として準備がんばってたけど、小木原賞なんて取れる自信ないな……,えみ,0,0,0,0,0,0,1,0,0,0,0,0,0,0,0,0,0
335,今から自由時間だ！何しよう？,えみ,0,0,0,0,0,0,1,0,0,0,0,0,0,0,0,0,0
336,                                                      ,   ,0,0,0,0,0,0,7,0,1,3,0,演劇を見に行く,外の売店を回る,メイド喫茶に行く,5,0,0
337,演劇は……シンデレラにオリジナル要素いれた劇かぁ……見てみたいかも！,えみ,0,0,0,0,0,0,1,0,0,0,0,0,0,0,0,0,0
338,演劇部の桜児くんが王子様役で出るんだって！きっと王子様姿がとっても似合うんだろうな,えみ,0,0,0,0,0,0,1,0,0,0,0,0,0,0,0,0,0
339,  ,                ,0,0,0,0,0,0,0,0,0,0,0,0,0,0,5,1,6
340,           ,                ,0,0,0,0,0,0,0,0,0,0,0,0,0,0,5,2,6
341,                                  ,  ,0,0,0,6,0,0,0,0,0,0,0,0,0,0,5,2,6
342,「あれ？桜児くんがいる……って元気ないね。」,えみ,0,0,0,6,0,0,1,0,0,0,0,0,0,0,0,0,0
343,「や、やっほ〜、舞台、緊張しちゃって。」,犬山 桜児,11,0,0,6,0,0,1,0,0,0,0,0,0,0,1,0,0
344,                                                      ,   ,0,0,0,6,0,0,7,0,1,3,0,桜児くんならきっと大丈夫だよ,桜児くんの王子様素、とっても楽しみにしてるよ！,演劇部の舞台オリジナル要素あるんだって？楽しみだな～,5,0,0
345,「ほんと〜？嬉しい！」,犬山 桜児,9,0,0,6,0,0,1,0,0,0,0,0,0,0,1,0,0
346,                                                      ,   ,0,0,0,6,0,0,7,0,1,2,0,0,うん！じゃあ、また後でね！頑張れ！,桜児くんがんばって練習してる姿いつも見てたよ,5,0,0
347,「……ありがとう！@ちゃんと話してたら元気でてきたかも。頑張るね！」,犬山 桜児,9,0,0,6,0,0,1,0,0,0,0,0,0,0,1,0,0
348,桜児くんは自信を取り戻した様子で舞台のほうにスタンバイしに行ったみたい！,えみ,9,0,0,6,0,0,1,0,0,0,0,0,0,0,0,0,0
349,    ,  ,0,0,0,0,72,0,0,0,0,0,0,0,0,0,0,0,0
350,「キャ〜！！桜児くんカッコイイ〜！！」,女子生徒1,9,0,0,6,0,0,1,0,0,0,0,0,0,0,4,0,0
351,「か、かっけぇ…………」,男子生徒1,9,0,0,6,0,0,1,0,0,0,0,0,0,0,4,0,0
352,「きっと今年の小木原賞は桜児くんだね！」,女子生徒2,9,0,0,6,0,0,1,0,0,0,0,0,0,0,4,0,0
353,  ,                ,0,0,0,6,0,0,0,0,0,0,0,0,0,0,5,1,6
354,           ,                ,0,0,0,6,0,0,0,0,0,0,0,0,0,0,5,2,6
355,                                  ,  ,0,0,0,14,0,0,0,0,0,0,0,0,0,0,5,2,6
356,「えへへ、トロフィー、もらっちゃった！」,犬山 桜児,9,0,0,14,0,0,1,0,0,0,0,0,0,0,1,0,0
357,「おめでとう！桜児くん。」,えみ,9,0,0,14,0,0,1,0,0,0,0,0,0,0,0,0,0
358,「今年トロフィーもらえたのはさ、,犬山 桜児,9,0,0,14,0,0,1,0,0,0,0,0,0,0,1,0,0
359,舞台前に元気づけてくれた@ちゃんのおかげだよ。本当にありがとう！」,犬山 桜児,9,0,0,14,0,0,1,0,0,0,0,0,0,0,1,0,0
360,「記念撮影してもいいかな？」,犬山 桜児,9,0,0,14,0,0,1,0,0,0,0,0,0,0,1,0,0
361,「うん！(じゅ、呪文、確認しなきゃ)」,えみ,9,0,0,14,0,0,1,0,0,0,0,0,0,0,0,0,0
362,「はいチーズ！」,犬山 桜児,9,0,0,14,0,0,1,0,0,0,0,0,0,0,1,0,0
363,桜児くんの劇も成功したし、無事トロフィーの呪文も確認できた！,えみ,9,0,0,14,0,0,1,0,0,0,0,0,0,0,0,0,0
364,あとはクリスマスまでに告白しないと……！,えみ,9,0,0,14,0,0,1,0,0,0,0,0,0,0,0,0,0
365,「ありがとう、舞台頑張る。」,犬山 桜児,11,0,0,6,0,0,1,0,0,0,0,0,0,0,4,0,0
366,やっぱりどこか不安げな表情で桜児くんは去っていった。,えみ,0,0,0,6,0,0,1,0,0,0,0,0,0,0,0,0,0
367,結局私はトロフィーは手に入らなかったし呪いを解く呪文もわからないまま。,えみ,0,0,0,6,0,0,1,0,0,0,0,0,0,0,0,0,0
368,このままずっとおじさんのOG☆3と残りの学園生活をすごすことになるんだ……,えみ,0,0,0,6,0,0,1,0,0,0,0,0,0,0,0,0,0
369,[END4 おじさんたちともう1年],,0,0,0,6,0,0,1,0,0,0,0,0,0,0,0,0,0
370,文化祭といえば売店だよね！沢山たべちゃうぞ〜！,えみ,0,0,0,0,0,0,1,0,0,0,0,0,0,0,0,0,0
371,  ,                ,0,0,0,0,0,0,0,0,0,0,0,0,0,0,5,1,6
372,           ,                ,0,0,0,0,0,0,0,0,0,0,0,0,0,0,5,2,6
373,                                  ,  ,0,0,0,3,0,0,0,0,0,0,0,0,0,0,5,2,6
374,ドン！,  ,0,0,0,3,0,0,1,0,0,0,0,0,0,0,0,0,0
375,「わっすみません、」,えみ,0,0,0,3,0,0,1,0,0,0,0,0,0,0,0,0,0
376,「……」,謎の着ぐるみ,6,0,0,3,0,0,1,0,0,0,0,0,0,0,4,0,0
377,「？」,えみ,6,0,0,3,0,0,1,0,0,0,0,0,0,0,0,0,0
378,あの着ぐるみ、なんだかこっちを見つめてたような……どうしてだろう？,えみ,6,0,0,3,0,0,1,0,0,0,0,0,0,0,0,0,0
379,  ,                ,0,0,0,3,0,0,0,0,0,0,0,0,0,0,5,1,6
380,           ,                ,0,0,0,3,0,0,0,0,0,0,0,0,0,0,5,2,6
381,                                  ,  ,0,0,0,6,0,0,0,0,0,0,0,0,0,0,5,2,6
382,ふ〜買った買った！友達とははぐれちゃったから、ゆっくり体育館裏でご飯食べちy……,えみ,6,0,0,6,0,0,1,0,0,0,0,0,0,0,0,0,0
383,    ,  ,0,0,0,6,72,0,0,0,0,0,0,0,0,0,0,0,0
384,「え？！光先輩？！？？？？？」,えみ,6,0,0,6,0,0,1,0,0,0,0,0,0,0,0,0,0
385,「……ハッ！」,       ,6,0,0,6,0,0,1,0,0,0,0,0,0,0,0,0,0
386,おじさんがかわいい着ぐるみきてるの、なんかシュール……,目鏡 光,6,0,0,6,0,0,1,0,0,0,0,0,0,0,3,0,0
387,「さっきの着ぐるみ、先輩だったんですね！先輩ってやっぱりかわいいものが好きなんじゃ……」,えみ,6,0,0,6,0,0,1,0,0,0,0,0,0,0,0,0,0
388,「いやこれはだな……生徒会長として生徒会の展示の宣伝をしようとしてただけでだな……」,目鏡 光,6,0,0,6,0,0,1,0,0,0,0,0,0,0,3,0,0
389,「ただ、いまいちお客さんがこないんだ。」,目鏡 光,6,0,0,6,0,0,1,0,0,0,0,0,0,0,3,0,0
390,   ,  ,0,0,0,6,0,0,7,0,1,3,0,そんなことないですよ！きっと大丈夫ですよ,先輩は頑張っていましたよ,折角着ぐるみ可愛いのに……,5,0,0
391,「だがこのままのやり方ではいけないな、なんとかならないだろうか……」,目鏡 光,6,0,0,6,0,0,1,0,0,0,0,0,0,0,3,0,0
392,   ,  ,0,0,0,6,0,0,7,0,1,2,0,0,私も一緒に着ぐるみ着て宣伝します！,友達にも宣伝しにいってきます！,5,0,0
393,「生徒会のために協力してくれるのか。ありがとう。共に頑張ろう！」,目鏡 光,6,0,0,6,0,0,1,0,0,0,0,0,0,0,3,0,0
394,  ,                ,0,0,0,6,0,0,0,0,0,0,0,0,0,0,5,1,6
395,           ,                ,0,0,0,6,0,0,0,0,0,0,0,0,0,0,5,2,6
396,                                  ,  ,0,0,0,15,0,0,0,0,0,0,0,0,0,0,5,2,6
397,……小木原賞、おめでとう@」,目鏡 光,6,0,0,15,0,0,1,0,0,0,0,0,0,0,3,0,0
398,「先輩こそ！」,えみ,6,0,0,15,0,0,1,0,0,0,0,0,0,0,0,0,0
399,私達は異例の小木原賞W受賞をした。生徒会の活動の貢献をしたことと、私が発案した着ぐるみを着た光先輩による即興のパフォーマンスが好評だったみたい！,えみ,6,0,0,15,0,0,1,0,0,0,0,0,0,0,0,0,0
400,私はもらったトロフィーを見ながら呪文を覚えた。,えみ,6,0,0,15,0,0,1,0,0,0,0,0,0,0,0,0,0
401,あとはクリスマスまでに告白しないと……！,えみ,6,0,0,15,0,0,1,0,0,0,0,0,0,0,0,0,0
402,私たちは生徒会の展示の宣伝を頑張った！少しはお客さんが増えたみたいでよかった。,えみ,0,0,0,6,0,0,1,0,0,0,0,0,0,0,0,0,0
403,  ,                ,0,0,0,6,0,0,0,0,0,0,0,0,0,0,5,1,6
404,           ,                ,0,0,0,6,0,0,0,0,0,0,0,0,0,0,5,2,6
405,                                  ,  ,0,0,0,15,0,0,0,0,0,0,0,0,0,0,5,2,6
406,すっかりトロフィーのこと忘れてた……,えみ,0,0,0,15,0,0,1,0,0,0,0,0,0,0,0,0,0
407,結局私はトロフィーは手に入らなかったし呪いを解く呪文もわからないままだった。,えみ,0,0,0,15,0,0,1,0,0,0,0,0,0,0,0,0,0
408,このままずっとおじさんのOG☆3と残りの学園生活をすごすことになるんだ……,えみ,0,0,0,15,0,0,1,0,0,0,0,0,0,0,0,0,0
409,[END4 おじさんたちともう1年],,0,0,0,15,0,0,1,0,0,0,0,0,0,0,0,0,0
410,メイド喫茶…大好きな乙女ゲームの文化祭では執事喫茶とかが定番だけど、かわいい女の子のメイドさんに囲まれるのもアリかも！,えみ,0,0,0,0,0,0,1,0,0,0,0,0,0,0,0,0,0
411,  ,                ,0,0,0,0,0,0,0,0,0,0,0,0,0,0,5,1,6
412,           ,                ,0,0,0,0,0,0,0,0,0,0,0,0,0,0,5,2,6
413,                                  ,  ,0,0,0,0,0,0,0,0,0,0,0,0,0,0,5,2,6
414,……ってここ琉絆空くんのクラスじゃない？！,えみ,0,0,0,0,0,0,1,0,0,0,0,0,0,0,0,0,0
415,    ,  ,0,0,0,0,72,0,0,0,0,0,0,0,0,0,0,0,0
416,「おかえりなさいませ♡ご主人様！」,本田 琉絆空,13,0,0,0,0,0,1,0,0,0,0,0,0,0,2,0,0
417,「……て、げ！@先輩じゃん！」,本田 琉絆空,14,0,0,0,0,0,1,0,0,0,0,0,0,0,2,0,0
418,お、おおおじおじおじおじさんのメイド〜〜〜？！？,えみ,14,0,0,0,0,0,1,0,0,0,0,0,0,0,0,0,0
419,って本来はイケメンが女装してる……はずなんだよね,えみ,14,0,0,0,0,0,1,0,0,0,0,0,0,0,0,0,0
420,まさか女装メイド喫茶だったんなんて,えみ,14,0,0,0,0,0,1,0,0,0,0,0,0,0,0,0,0
421,「こんな姿みられたくなかったから先輩には秘密にしておいたんすよ。」,本田 琉絆空,15,0,0,0,0,0,1,0,0,0,0,0,0,0,2,0,0
422,「私もびっくりだよ……(色んな意味で)」,えみ,15,0,0,0,0,0,1,0,0,0,0,0,0,0,0,0,0
423,「てか先輩助けてくださいよ、見てこのひどい化粧！」,本田 琉絆空,16,0,0,0,0,0,1,0,0,0,0,0,0,0,2,0,0
424,   ,  ,0,0,0,0,0,0,7,0,1,3,0,琉絆空くん元々綺麗なのにね,そのままでも面白いじゃん,す、すごいメイクだよね……,5,0,0
425,「もっといいカンジにできたら人気でると思いません？,本田 琉絆空,15,0,0,0,0,0,1,0,0,0,0,0,0,0,2,0,0
426,この顔じゃモチベあがらないっすよ〜」,本田 琉絆空,15,0,0,0,0,0,1,0,0,0,0,0,0,0,2,0,0
427,   ,  ,0,0,0,0,0,0,7,0,1,2,0,0,いっそもっとすごいメイクしちゃおうか！,かわりにかわいいメイクしてあげるよ,5,0,0
428,「お、おお！すげ〜！めちゃくちゃいいカンジ！これならメイドの俺も大人気っすね！」,本田 琉絆空,13,0,0,0,0,0,1,0,0,0,0,0,0,0,2,0,0
429,琉絆空の言った通りお店は大盛況！普段からメイクの練習しててよかった！,えみ,13,0,0,0,0,0,1,0,0,0,0,0,0,0,0,0,0
430,  ,                ,0,0,0,0,0,0,0,0,0,0,0,0,0,0,5,1,6
431,           ,                ,0,0,0,0,0,0,0,0,0,0,0,0,0,0,5,1,6
432,                                  ,  ,0,0,0,15,0,0,0,0,0,0,0,0,0,0,5,2,6
433,「琉絆空くん、小木原賞おめでとう！」,えみ,13,0,0,15,0,0,1,0,0,0,0,0,0,0,0,0,0
434,私のメイクの効果もあってか琉絆空くんが注目を浴びて小木原賞とれたみたい。,えみ,13,0,0,15,0,0,1,0,0,0,0,0,0,0,0,0,0
435,「先輩のおかげですね！マジ感謝です！」,本田 琉絆空,13,0,0,15,0,0,1,0,0,0,0,0,0,0,2,0,0
436,琉絆空くん、とても嬉しそう！トロフィーに書かれている呪文も無事チェックできてよかった。,えみ,13,0,0,15,0,0,1,0,0,0,0,0,0,0,0,0,0
437,あとはクリスマスまでに告白しないと……！,えみ,13,0,0,15,0,0,1,0,0,0,0,0,0,0,0,0,0
438,「おお！ありがとうございます！」,本田 琉絆空,13,0,0,0,0,0,1,0,0,0,0,0,0,0,2,0,0
439,男の子の、っていうかおじさんの顔にメイクするの新鮮……難しかったな。,えみ,13,0,0,0,0,0,1,0,0,0,0,0,0,0,0,0,0
440,  ,                ,0,0,0,0,0,0,0,0,0,0,0,0,0,0,5,1,6
441,           ,                ,0,0,0,0,0,0,0,0,0,0,0,0,0,0,5,2,6
442,                                  ,  ,0,0,0,15,0,0,0,0,0,0,0,0,0,0,5,2,6
443,すっかりトロフィーのこと忘れて遊んでた……,えみ,0,0,0,15,0,0,1,0,0,0,0,0,0,0,0,0,0
444,結局私はトロフィーは手に入らなかったし呪いを解く呪文もわからないままだった。,えみ,0,0,0,15,0,0,1,0,0,0,0,0,0,0,0,0,0
445,このままずっとおじさんのOG☆3と残りの学園生活をすごすことになるんだ……,えみ,0,0,0,15,0,0,1,0,0,0,0,0,0,0,0,0,0
446,[END4 おじさんたちともう1年],,0,0,0,15,0,0,1,0,0,0,0,0,0,0,0,0,0
447, ,month12月,0,0,0,0,0,0,1,0,0,0,11,0,0,0,4,0,0
448,もう 12 月かぁ、今年は本当に色々あったな……,                ,0,0,0,12,0,0,0,0,0,0,0,0,0,0,0,0,0
449,織木原学園に入学してイケメンのOG☆3がおじさんになって,                ,0,0,0,12,0,0,0,0,0,0,0,0,0,0,0,0,0
450,OG☆3のみんなと少しずつ仲良くなって,  ,0,0,0,12,0,0,0,0,0,0,0,0,0,0,0,0,0
451,体育祭も3人の意外な姿がみれたり,                ,0,0,0,12,0,0,0,0,0,0,0,0,0,0,0,0,0
452,この間の文化祭も[文化祭で選択したキャラクター]と一緒にすごせて楽しかった。,                ,0,0,0,12,0,0,0,0,0,0,0,0,0,0,0,0,0
453,ン……？,  ,0,0,0,12,0,0,0,0,0,0,0,0,0,0,0,0,0
454,あれ、おじさんになったOG☆3にすっかり慣れてしまってない？！あぶないあぶない！,                ,0,0,0,12,0,0,0,0,0,0,0,0,0,0,0,0,0
455,まぁ今の私から見たらおじさんになってるとはいえ、皆いい人達だったし本当の姿はイケメンなんだよね。,                ,0,0,0,12,0,0,0,0,0,0,0,0,0,0,0,0,0
456,この呪いを解くためにもクリスマスデートに誘って告白成功しないと！,  ,0,0,0,12,0,0,0,0,0,0,0,0,0,0,0,0,0
457,私が今年のクリスマスにデートしたい人は……,                ,0,0,0,12,0,0,0,0,0,0,0,0,0,0,0,0,0
458,                ,,0,0,0,12,0,0,0,0,1,3,0,琉絆空くん,桜児くん,光先輩,5,0,0
459,クリスマスデートして想いを伝えたいのは、やっぱり本田 琉絆空くんだ。,  ,0,0,0,12,0,0,0,0,0,0,0,0,0,0,0,0,0
460,琉絆空くんはスポーツが好きだし、冬らしくアイススケートとかどうかな？ ,  ,0,0,0,12,0,0,0,0,0,0,0,0,0,0,0,0,0
461,緊張するけど勇気だして誘わなきゃ！,  ,0,0,0,12,0,0,0,0,0,0,0,0,0,0,0,0,0
462,(電話の音),                ,0,0,0,12,0,0,0,0,0,0,0,0,0,0,0,0,0
463,……って、えっ？！琉絆空くんから電話がかかってきた？！,                ,0,0,0,12,0,0,0,0,0,0,0,0,0,0,0,0,0
464,「もしもし？[主人公の名前]先輩？」,本田 琉絆空,0,0,0,12,0,0,0,0,0,0,0,0,0,0,0,0,0
465,「あ、うん！」,えみ,0,0,0,12,0,0,0,0,0,0,0,0,0,0,0,0,0
466,「……クリスマス、空いてますか？」,本田 琉絆空,0,0,0,12,0,0,0,0,0,0,0,0,0,0,0,0,0
467,「え！嘘……！私も誘おうと思ってた。」,えみ,0,0,0,12,0,0,0,0,0,0,0,0,0,0,0,0,0
468,その後、二人で話してアイススケートに行くことにした。まさか琉絆空くんからクリスマスデートに誘ってもらえるなんて。,  ,0,0,0,12,0,0,0,0,0,0,0,0,0,0,0,0,0
469,デート当日はついに告白───────成功したらいよいよ元通りの琉絆空くんに会えるんだ。,  ,0,0,0,12,0,0,0,0,0,0,0,0,0,0,0,0,0
470,緊張しちゃうけど、楽しみだなぁ。,  ,0,0,0,12,0,0,0,0,0,0,0,0,0,0,0,0,0
471,「[主人公の名前]先輩？」,本田 琉絆空,0,0,0,12,0,0,0,0,0,0,0,0,0,0,0,0,0
472,                ,,0,0,0,12,0,0,0,0,1,3,0,付き合ってください！,最高のクリスマスを過ごそう！,アイススケートに行こうよ,5,0,0
473,"「あの、つ、つつ付き合ってくださ…	じゃなくて、ええっと、クリスマスに、アイススケートを……！",えみ,0,0,0,12,0,0,0,0,0,0,0,0,0,0,0,0,0
474,しまった！テンパって先に告白しそうになった！,  ,0,0,0,12,0,0,0,0,0,0,0,0,0,0,0,0,0
475,「え、ええ？！……あぁ、アイススケートですか。なんだ、びっくりした〜。」,本田 琉絆空,0,0,0,12,0,0,0,0,0,0,0,0,0,0,0,0,0
476,「……いいですよ。スケートとか久しぶりだから、上手く滑れるかわかんないすけど。」,本田 琉絆空,0,0,0,12,0,0,0,0,0,0,0,0,0,0,0,0,0
477,ダメだと思ってたけど、大丈夫だったみたい！やっぱり声だけだとおじさんってこと忘 れて緊張しちゃうな。,  ,0,0,0,12,0,0,0,0,0,0,0,0,0,0,0,0,0
478,心なしか琉絆空くんも緊張してたきがする。,  ,0,0,0,12,0,0,0,0,0,0,0,0,0,0,0,0,0
479,「あら琉絆空くん。私と一緒に最高のクリスマスを過ごさない？アイススケートはどう？」,えみ,0,0,0,12,0,0,0,0,0,0,0,0,0,0,0,0,0
480,ああ、緊張して変な誘い方しちゃった！,  ,0,0,0,12,0,0,0,0,0,0,0,0,0,0,0,0,0
481,「なんすかその言い方〜やっぱり[主人公の名前]先輩って面白い人だな。」,本田 琉絆空,0,0,0,12,0,0,0,0,0,0,0,0,0,0,0,0,0
482,「でもその日予定あるんだよな。……ごめんなさい。」,本田 琉絆空,0,0,0,12,0,0,0,0,0,0,0,0,0,0,0,0,0
483,「……そうだよね。なんかごめんね。」,えみ,0,0,0,12,0,0,0,0,0,0,0,0,0,0,0,0,0
484,変な誘い方したから引かれちゃったかな……。琉絆空くんにとって私は面白い友達止まりだったのかもしれない。,  ,0,0,0,12,0,0,0,0,0,0,0,0,0,0,0,0,0
485,結局クリスマスは誰ともデートできなかったな。,  ,0,0,0,12,0,0,0,0,0,0,0,0,0,0,0,0,0
486,[END7 面白い友達],  ,0,0,0,12,0,0,0,0,0,0,0,0,0,0,0,0,0
487,「琉絆空くん、クリスマスにアイススケートいかない？」,えみ,0,0,0,12,0,0,0,0,0,0,0,0,0,0,0,0,0
488,よし、普通に誘えた！,  ,0,0,0,12,0,0,0,0,0,0,0,0,0,0,0,0,0
489,「いいよ。俺実はスケート好きなんですよ。クリスマス楽しみだな〜！」,本田 琉絆空,0,0,0,12,0,0,0,0,0,0,0,0,0,0,0,0,0
490,「本当？よかった〜。楽しみだね！」,えみ,0,0,0,12,0,0,0,0,0,0,0,0,0,0,0,0,0
491,無事クリスマスデートに誘うことに成功した！ ,  ,0,0,0,12,0,0,0,0,0,0,0,0,0,0,0,0,0
492,デート当日はついに告白かぁ。,  ,0,0,0,12,0,0,0,0,0,0,0,0,0,0,0,0,0
493,成功したらいよいよ元通りの琉絆空くんに会えるんだ。頑張るぞ！,  ,0,0,0,12,0,0,0,0,0,0,0,0,0,0,0,0,0
494,「もしもし、どうした？」,本田 琉絆空,0,0,0,12,0,0,0,0,0,0,0,0,0,0,0,0,0
495,                ,,0,0,0,12,0,0,0,0,1,3,0,付き合ってください！,最高のクリスマスを過ごそう！,アイススケートに行こうよ,5,0,0
496,"「あの、つ、つつ付き合ってくださ…	じゃなくて、ええっと、クリスマスに、アイススケートを……！",えみ,0,0,0,12,0,0,0,0,0,0,0,0,0,0,0,0,0
497,しまった！テンパって先に告白しそうになった！,  ,0,0,0,12,0,0,0,0,0,0,0,0,0,0,0,0,0
498,「ごめん先輩、俺その日もう予定があって。」,本田 琉絆空,0,0,0,12,0,0,0,0,0,0,0,0,0,0,0,0,0
499,「……そうだよね。なんかごめんね。」,えみ,0,0,0,12,0,0,0,0,0,0,0,0,0,0,0,0,0
500,他の人にはイケメンに見えている琉絆空くん。きっと他の子との予定があるんだろうな。,  ,0,0,0,12,0,0,0,0,0,0,0,0,0,0,0,0,0
501,もう少し仲良くなれてたら違ったのかも。,  ,0,0,0,12,0,0,0,0,0,0,0,0,0,0,0,0,0
502,現実も乙女ゲームみたいにやり直せたらいいのに──────,  ,0,0,0,12,0,0,0,0,0,0,0,0,0,0,0,0,0
503,[END6 おじさんに敗北],  ,0,0,0,12,0,0,0,0,0,0,0,0,0,0,0,0,0
504,「あら琉絆空くん。私と一緒に最高のクリスマスを過ごさない？アイススケートはどう？」,えみ,0,0,0,12,0,0,0,0,0,0,0,0,0,0,0,0,0
505,ああ、緊張して変な誘い方しちゃった！,  ,0,0,0,12,0,0,0,0,0,0,0,0,0,0,0,0,0
506,「ごめん先輩、俺その日もう予定があって。」,本田 琉絆空,0,0,0,12,0,0,0,0,0,0,0,0,0,0,0,0,0
507,「……そうだよね。なんかごめんね。」,えみ,0,0,0,12,0,0,0,0,0,0,0,0,0,0,0,0,0
508,他の人にはイケメンに見えている琉絆空くん。きっと他の子との予定があるんだろうな。,  ,0,0,0,12,0,0,0,0,0,0,0,0,0,0,0,0,0
509,もう少し仲良くなれてたら違ったのかも。,  ,0,0,0,12,0,0,0,0,0,0,0,0,0,0,0,0,0
510,現実も乙女ゲームみたいにやり直せたらいいのに──────,  ,0,0,0,12,0,0,0,0,0,0,0,0,0,0,0,0,0
511,[END6 おじさんに敗北],  ,0,0,0,12,0,0,0,0,0,0,0,0,0,0,0,0,0
512,「琉絆空くん、クリスマスにアイススケートいかない？」,本田 琉絆空,0,0,0,12,0,0,0,0,0,0,0,0,0,0,0,0,0
513,よし、普通に誘えた！,  ,0,0,0,12,0,0,0,0,0,0,0,0,0,0,0,0,0
514,「ごめん先輩、俺その日もう予定があって。」,本田 琉絆空,0,0,0,12,0,0,0,0,0,0,0,0,0,0,0,0,0
515,「……そうだよね。なんかごめんね。」,えみ,0,0,0,12,0,0,0,0,0,0,0,0,0,0,0,0,0
516,他の人にはイケメンに見えている琉絆空くん。きっと他の子との予定があるんだろうな。,  ,0,0,0,12,0,0,0,0,0,0,0,0,0,0,0,0,0
517,もう少し仲良くなれてたら違ったのかも。,  ,0,0,0,12,0,0,0,0,0,0,0,0,0,0,0,0,0
518,現実も乙女ゲームみたいにやり直せたらいいのに──────,  ,0,0,0,12,0,0,0,0,0,0,0,0,0,0,0,0,0
519,[END6 おじさんに敗北],  ,0,0,0,12,0,0,0,0,0,0,0,0,0,0,0,0,0
520,クリスマスデートして想いを伝えたいのは、やっぱり犬山 桜児くんだ。,  ,0,0,0,12,0,0,0,0,0,0,0,0,0,0,0,0,0
521,桜児くんはイン〇タ映えするものが好きだし、映えるデートといえば遊園地かな？,  ,0,0,0,12,0,0,0,0,0,0,0,0,0,0,0,0,0
522,緊張するけど勇気だして誘わなきゃ！,  ,0,0,0,12,0,0,0,0,0,0,0,0,0,0,0,0,0
523,[電話の音],  ,0,0,0,12,0,0,0,0,0,0,0,0,0,0,0,0,0
524,……って、えっ？！桜児くんから電話がかかってきた？！,  ,0,0,0,12,0,0,0,0,0,0,0,0,0,0,0,0,0
525,「やっほー、[主人公の名前]ちゃん？」,犬山 桜児,0,0,0,12,0,0,0,0,0,0,0,0,0,0,0,0,0
526,「は、はい！どうしたの？」,えみ,0,0,0,12,0,0,0,0,0,0,0,0,0,0,0,0,0
527,「クリスマスって空いてる？」,犬山 桜児,0,0,0,12,0,0,0,0,0,0,0,0,0,0,0,0,0
528,「え！嘘……！私も誘おうと思ってた。」,えみ,0,0,0,12,0,0,0,0,0,0,0,0,0,0,0,0,0
529,その後、二人で話して遊園地に行くことにした。まさか桜児くんからクリスマスデートに誘ってもらえるなんて。,  ,0,0,0,12,0,0,0,0,0,0,0,0,0,0,0,0,0
530,デート当日はついに告白───────成功したらいよいよ元通りの桜児くんに会えるんだ。緊張しちゃうけど、楽しみだなぁ。,  ,0,0,0,12,0,0,0,0,0,0,0,0,0,0,0,0,0
531,「やっほ〜！どうしたの？」,犬山 桜児,0,0,0,12,0,0,0,0,0,0,0,0,0,0,0,0,0
532,                ,,0,0,0,12,0,0,0,0,1,3,0,桜児ﾁｬﾝ！コンニチワ^^！,クリスマス遊園地にいかない？,クリスマス空いてる？,5,0,0
533,「桜児ﾁｬﾝ！コンニチワ^^！もし良ければ、クリスマスに、是非遊園地デート♡行ってくれないカナ？」,えみ,0,0,0,12,0,0,0,0,0,0,0,0,0,0,0,0,0
534,わー！焦っておじさんみたいになっちゃった〜汗汗,  ,0,0,0,12,0,0,0,0,0,0,0,0,0,0,0,0,0
535,「えっ、どうしたの、急に……おじさん構文ってやつ？ウケる〜」,犬山 桜児,0,0,0,12,0,0,0,0,0,0,0,0,0,0,0,0,0
536,「あ、クリスマスはもう予定決まってるんだよね！ごめんね。」,犬山 桜児,0,0,0,12,0,0,0,0,0,0,0,0,0,0,0,0,0
537,「トホホ〜汗汗」,えみ,0,0,0,12,0,0,0,0,0,0,0,0,0,0,0,0,0
538,ナンチャッテ…………………,  ,0,0,0,12,0,0,0,0,0,0,0,0,0,0,0,0,0
539,[END8  むしろ私がおじさん],  ,0,0,0,12,0,0,0,0,0,0,0,0,0,0,0,0,0
540,「よかったら、今度のクリスマスに遊園地いかない？」,えみ,0,0,0,12,0,0,0,0,0,0,0,0,0,0,0,0,0
541,よし！噛まずに誘えた！,  ,0,0,0,12,0,0,0,0,0,0,0,0,0,0,0,0,0
542,「え！遊園地のクリスマスイベント行ってみたかったんだよね〜！」,犬山 桜児,0,0,0,12,0,0,0,0,0,0,0,0,0,0,0,0,0
543,「ほんと？嬉しい！」,えみ,0,0,0,12,0,0,0,0,0,0,0,0,0,0,0,0,0
544,「当日楽しみにしてるね」,犬山 桜児,0,0,0,12,0,0,0,0,0,0,0,0,0,0,0,0,0
545,よし！無事クリスマスデートに誘うことに成功した！,  ,0,0,0,12,0,0,0,0,0,0,0,0,0,0,0,0,0
546,デート当日はついに告白かぁ。,  ,0,0,0,12,0,0,0,0,0,0,0,0,0,0,0,0,0
547,成功したらいよいよ元通りの桜児くんに会えるんだ。頑張るぞ！,  ,0,0,0,12,0,0,0,0,0,0,0,0,0,0,0,0,0
548,「桜児くん、クリスマスあいてる？」,えみ,0,0,0,12,0,0,0,0,0,0,0,0,0,0,0,0,0
549,よし、控えめに誘えた！,  ,0,0,0,12,0,0,0,0,0,0,0,0,0,0,0,0,0
550,「空いてるよ！どうしたの？」,犬山 桜児,0,0,0,12,0,0,0,0,0,0,0,0,0,0,0,0,0
551,「遊園地いかない？クリスマスイベント行ってみたくて……」,えみ,0,0,0,12,0,0,0,0,0,0,0,0,0,0,0,0,0
552,「ほんと？僕も行きたかったんだよね！いこいこ！」,犬山 桜児,0,0,0,12,0,0,0,0,0,0,0,0,0,0,0,0,0
553,お互い行きたいところが同じでよかった！……やっぱり声だけだとおじさんってこと忘れて緊張しちゃうな。,  ,0,0,0,12,0,0,0,0,0,0,0,0,0,0,0,0,0
554,桜児くんと楽しいデートできるといいな。,  ,0,0,0,12,0,0,0,0,0,0,0,0,0,0,0,0,0
555,「やっほ〜！どうしたの？」,犬山 桜児,0,0,0,12,0,0,0,0,0,0,0,0,0,0,0,0,0
556,                ,,0,0,0,12,0,0,0,0,1,3,0,桜児ﾁｬﾝ！コンニチワ^^！,クリスマス遊園地にいかない？,クリスマス空いてる？,5,0,0
557,「桜児ﾁｬﾝ！コンニチワ^^！もし良ければ、クリスマスに、是非遊園地デート♡行ってくれないカナ？」,えみ,0,0,0,12,0,0,0,0,0,0,0,0,0,0,0,0,0
558,わー！焦っておじさん構文になっちゃった〜汗汗,  ,0,0,0,12,0,0,0,0,0,0,0,0,0,0,0,0,0
559,「ご、ごめ〜ん、僕その日もう予定があるんだよね。」,犬山 桜児,0,0,0,12,0,0,0,0,0,0,0,0,0,0,0,0,0
560,「……そうだよね。なんかごめんね。」,えみ,0,0,0,12,0,0,0,0,0,0,0,0,0,0,0,0,0
561,他の人にはイケメンに見えている桜児くん。きっと他の子との予定があるんだろうな。もう少し仲良くなれてたら違ったのかも。,  ,0,0,0,12,0,0,0,0,0,0,0,0,0,0,0,0,0
562,現実も乙女ゲームみたいにやり直せたらいいのに──────,  ,0,0,0,12,0,0,0,0,0,0,0,0,0,0,0,0,0
563,[END6 おじさんに敗北],  ,0,0,0,12,0,0,0,0,0,0,0,0,0,0,0,0,0
564,「よかったら、今度のクリスマスに遊園地いかない？」,えみ,0,0,0,12,0,0,0,0,0,0,0,0,0,0,0,0,0
565,よし！噛まずに誘えた！,  ,0,0,0,12,0,0,0,0,0,0,0,0,0,0,0,0,0
566,「ご、ごめ〜ん、僕その日もう予定があるんだよね。」,犬山 桜児,0,0,0,12,0,0,0,0,0,0,0,0,0,0,0,0,0
567,「……そうだよね。なんかごめんね。」,えみ,0,0,0,12,0,0,0,0,0,0,0,0,0,0,0,0,0
568,他の人にはイケメンに見えている桜児くん。きっと他の子との予定があるんだろうな。もう少し仲良くなれてたら違ったのかも。,  ,0,0,0,12,0,0,0,0,0,0,0,0,0,0,0,0,0
569,現実も乙女ゲームみたいにやり直せたらいいのに──────,  ,0,0,0,12,0,0,0,0,0,0,0,0,0,0,0,0,0
570,[END6 おじさんに敗北],  ,0,0,0,12,0,0,0,0,0,0,0,0,0,0,0,0,0
571,「隣駅の遊園地でクリスマスイベントがあるんだって！よかったら一緒にどうかな？」,えみ,0,0,0,12,0,0,0,0,0,0,0,0,0,0,0,0,0
572,よし！普通に誘えた！,  ,0,0,0,12,0,0,0,0,0,0,0,0,0,0,0,0,0
573,「ご、ごめ〜ん、僕その日もう予定があるんだよね。」,犬山 桜児,0,0,0,12,0,0,0,0,0,0,0,0,0,0,0,0,0
574,「……そうだよね。なんかごめんね。」,えみ,0,0,0,12,0,0,0,0,0,0,0,0,0,0,0,0,0
575,他の人にはイケメンに見えている桜児くん。きっと他の子との予定があるんだろうな。もう少し仲良くなれてたら違ったのかも。,  ,0,0,0,12,0,0,0,0,0,0,0,0,0,0,0,0,0
576,現実も乙女ゲームみたいにやり直せたらいいのに──────,  ,0,0,0,12,0,0,0,0,0,0,0,0,0,0,0,0,0
577,[END6 おじさんに敗北],  ,0,0,0,12,0,0,0,0,0,0,0,0,0,0,0,0,0
578,クリスマスデートして想いを伝えたいのは、やっぱり目鏡 光先輩だ。,  ,0,0,0,12,0,0,0,0,0,0,0,0,0,0,0,0,0
579,光先輩はかわいいものが好きだし、クリスマスマーケットで雑貨を見たりしようかな？,  ,0,0,0,12,0,0,0,0,0,0,0,0,0,0,0,0,0
580,緊張するけど勇気だして誘わなきゃ！,  ,0,0,0,12,0,0,0,0,0,0,0,0,0,0,0,0,0
581,[電話の音],  ,0,0,0,12,0,0,0,0,0,0,0,0,0,0,0,0,0
582,……って、えっ？！光先輩から電話がかかってきた？！,  ,0,0,0,12,0,0,0,0,0,0,0,0,0,0,0,0,0
583,「もしもし？[主人公の名前]？」,目鏡 光,0,0,0,12,0,0,0,0,0,0,0,0,0,0,0,0,0
584,「は、はい！」,えみ,0,0,0,12,0,0,0,0,0,0,0,0,0,0,0,0,0
585,「……クリスマスは空いているか？」,目鏡 光,0,0,0,12,0,0,0,0,0,0,0,0,0,0,0,0,0
586,「え！嘘……！私も誘おうと思ってました。」,えみ,0,0,0,12,0,0,0,0,0,0,0,0,0,0,0,0,0
587,その後、二人で話してクリスマスマーケットに行くことにした。まさか光先輩からクリスマスデートに誘ってもらえるなんて。,  ,0,0,0,12,0,0,0,0,0,0,0,0,0,0,0,0,0
588,デート当日はついに告白───────成功したらいよいよ元通りの光先輩に会えるんだ。緊張しちゃうけど、楽しみだなぁ。,  ,0,0,0,12,0,0,0,0,0,0,0,0,0,0,0,0,0
589,「もしもし、何か用か？」,目鏡 光,0,0,0,12,0,0,0,0,0,0,0,0,0,0,0,0,0
590,                ,,0,0,0,12,0,0,0,0,1,3,0,クリスマスマーケットに行きませんか？,やっほ〜！クリスマスデートしない？,かわいいもの、好きですよね？,5,0,0
591,「もしよければ一緒にクリスマスマーケットに行きませんか？」,えみ,0,0,0,12,0,0,0,0,0,0,0,0,0,0,0,0,0
592,よし！普通にに誘えた！,  ,0,0,0,12,0,0,0,0,0,0,0,0,0,0,0,0,0
593,「一度行ってみたいと思ってたんだ。」,目鏡 光,0,0,0,12,0,0,0,0,0,0,0,0,0,0,0,0,0
594,「え！本当ですか？！」,えみ,0,0,0,12,0,0,0,0,0,0,0,0,0,0,0,0,0
595,「当日楽しみだな。[主人公の名前]、誘ってくれてありがとう。」,目鏡 光,0,0,0,12,0,0,0,0,0,0,0,0,0,0,0,0,0
596,光先輩に喜んでもらえてよかった。……やっぱり声だけだとおじさんってこと忘れて緊張しちゃうな。,  ,0,0,0,12,0,0,0,0,0,0,0,0,0,0,0,0,0
597,告白成功するといいな。,  ,0,0,0,12,0,0,0,0,0,0,0,0,0,0,0,0,0
598,「やっほ〜！僕と一緒にクリスマスデートしない？」,えみ,0,0,0,12,0,0,0,0,0,0,0,0,0,0,0,0,0
599,渾身の桜児くんモノマネ、わかってくれるかな？,  ,0,0,0,12,0,0,0,0,0,0,0,0,0,0,0,0,0
600,「ん？あ、あぁ、犬山のモノマネか……？」,目鏡 光,0,0,0,12,0,0,0,0,0,0,0,0,0,0,0,0,0
601,「えへへ、似てました？」,えみ,0,0,0,12,0,0,0,0,0,0,0,0,0,0,0,0,0
602,「45点くらいだな。」,目鏡 光,0,0,0,12,0,0,0,0,0,0,0,0,0,0,0,0,0
603,「あはは！100点目指して頑張ります……」,えみ,0,0,0,12,0,0,0,0,0,0,0,0,0,0,0,0,0
604,めちゃくちゃ微妙な点数をつけられた上に、デートの話が流れて、終わった………,  ,0,0,0,12,0,0,0,0,0,0,0,0,0,0,0,0,0
605,真面目に誘えばよかったかも。,  ,0,0,0,12,0,0,0,0,0,0,0,0,0,0,0,0,0
606,[END9  似ていないモノマネ],  ,0,0,0,12,0,0,0,0,0,0,0,0,0,0,0,0,0
607,「光先輩ってかわいいもの好きですよね？クリスマスマーケット一緒にいきませんか？」,えみ,0,0,0,12,0,0,0,0,0,0,0,0,0,0,0,0,0
608,「かわいいもの……？好きとは言っていないが、嫌いではない。妹にお土産でも買っていくか。」,目鏡 光,0,0,0,12,0,0,0,0,0,0,0,0,0,0,0,0,0
609,「はい、そうしましょう！」,えみ,0,0,0,12,0,0,0,0,0,0,0,0,0,0,0,0,0
610,かわいいもの好きなの隠してる光先輩はやっぱりムキになってるな。,  ,0,0,0,12,0,0,0,0,0,0,0,0,0,0,0,0,0
611,でも無事クリスマスデートに誘うことに成功した！,  ,0,0,0,12,0,0,0,0,0,0,0,0,0,0,0,0,0
612,デート当日はついに告白かぁ。,  ,0,0,0,12,0,0,0,0,0,0,0,0,0,0,0,0,0
613,成功したらいよいよ元通りの光先輩に会えるんだ。頑張るぞ！,  ,0,0,0,12,0,0,0,0,0,0,0,0,0,0,0,0,0
614,「もしもし、何か用か？」,目鏡 光,0,0,0,12,0,0,0,0,0,0,0,0,0,0,0,0,0
615,                ,,0,0,0,12,0,0,0,0,1,3,0,クリスマスマーケットに行きませんか？,やっほ〜！クリスマスデートしない？,かわいいもの、好きですよね？,5,0,0
616,「もしよければ一緒にクリスマスマーケットに行きませんか？」,えみ,0,0,0,12,0,0,0,0,0,0,0,0,0,0,0,0,0
617,よし！普通にに誘えた！,  ,0,0,0,12,0,0,0,0,0,0,0,0,0,0,0,0,0
618,「すまない、クリスマスは既に予定があるんだ。」,目鏡 光,0,0,0,12,0,0,0,0,0,0,0,0,0,0,0,0,0
619,「……そうですよね。またの機会に！」,えみ,0,0,0,12,0,0,0,0,0,0,0,0,0,0,0,0,0
620,他の人にはイケメンに見えている光先輩。きっと他の子との予定があるんだろうな。,  ,0,0,0,12,0,0,0,0,0,0,0,0,0,0,0,0,0
621,もう少し仲良くなれてたら違ったのかも。,  ,0,0,0,12,0,0,0,0,0,0,0,0,0,0,0,0,0
622,現実も乙女ゲームみたいにやり直せたらいいのに──────,  ,0,0,0,12,0,0,0,0,0,0,0,0,0,0,0,0,0
623,[END6 おじさんに敗北],  ,0,0,0,12,0,0,0,0,0,0,0,0,0,0,0,0,0
624,「やっほ〜！僕と一緒にクリスマスデートしない？」,えみ,0,0,0,12,0,0,0,0,0,0,0,0,0,0,0,0,0
625,渾身の桜児くんモノマネ、わかってくれるかな？,  ,0,0,0,12,0,0,0,0,0,0,0,0,0,0,0,0,0
626,「（犬山のモノマネか……？）すまない、クリスマスは既に予定があるんだ。」,目鏡 光,0,0,0,12,0,0,0,0,0,0,0,0,0,0,0,0,0
627,「……そうですよね。またの機会に！」,えみ,0,0,0,12,0,0,0,0,0,0,0,0,0,0,0,0,0
628,あっモノマネ、スルーされちゃった……,  ,0,0,0,12,0,0,0,0,0,0,0,0,0,0,0,0,0
629,他の人にはイケメンに見えている光先輩。きっと他の子との予定があるんだろうな。,  ,0,0,0,12,0,0,0,0,0,0,0,0,0,0,0,0,0
630,もう少し仲良くなれてたら違ったのかも。,  ,0,0,0,12,0,0,0,0,0,0,0,0,0,0,0,0,0
631,現実も乙女ゲームみたいにやり直せたらいいのに──────,  ,0,0,0,12,0,0,0,0,0,0,0,0,0,0,0,0,0
632,[END6 おじさんに敗北],  ,0,0,0,12,0,0,0,0,0,0,0,0,0,0,0,0,0
633,「光先輩ってかわいいもの好きですよね？クリスマスマーケット一緒にいきませんか？」,えみ,0,0,0,12,0,0,0,0,0,0,0,0,0,0,0,0,0
634,「すまない、クリスマスは既に予定があるんだ。」,目鏡 光,0,0,0,12,0,0,0,0,0,0,0,0,0,0,0,0,0
635,「……そうですよね。またの機会に！」,えみ,0,0,0,12,0,0,0,0,0,0,0,0,0,0,0,0,0
636,他の人にはイケメンに見えている光先輩。きっと他の子との予定があるんだろうな。,  ,0,0,0,12,0,0,0,0,0,0,0,0,0,0,0,0,0
637,もう少し仲良くなれてたら違ったのかも。,  ,0,0,0,12,0,0,0,0,0,0,0,0,0,0,0,0,0
638,現実も乙女ゲームみたいにやり直せたらいいのに──────,  ,0,0,0,12,0,0,0,0,0,0,0,0,0,0,0,0,0
639,[END6 おじさんに敗北],  ,0,0,0,12,0,0,0,0,0,0,0,0,0,0,0,0,0
640,やっ、やっぱり選べないよ〜！,  ,0,0,0,12,0,0,0,0,0,0,0,0,0,0,0,0,0
641,何だかんだおじさんの姿で仲良くなっちゃたし皆に愛着わいちゃった。,  ,0,0,0,12,0,0,0,0,0,0,0,0,0,0,0,0,0
642,迷うくらいなら……,  ,0,0,0,12,0,0,0,0,0,0,0,0,0,0,0,0,0
643,……そのままでいいのかも！！！,  ,0,0,0,12,0,0,0,0,0,0,0,0,0,0,0,0,0
644,クリスマスはおじさん3人とデートしちゃうゾ☆,  ,0,0,0,12,0,0,0,0,0,0,0,0,0,0,0,0,0
645,[スチル表示][キラキラのエフェクト・音],  ,0,0,0,12,0,0,0,0,0,0,0,0,0,0,0,0,0
646,みんな〜〜〜！！！おじさんって最高だぞ〜〜〜〜！！！,  ,0,0,0,12,0,0,0,0,0,0,0,0,0,0,0,0,0
647,冬休みも、おじさん達^^と、楽しいデート♡しちゃおう、カナ？！ナンチャッテ（￣▽￣;）,  ,0,0,0,12,0,0,0,0,0,0,0,0,0,0,0,0,0
648,[END5 おじさん☆パラダイス],  ,0,0,0,12,0,0,0,0,0,0,0,0,0,0,0,0,0
649,,,,,,,,,,,,,,,,,,,
650,,,,,,,,,,,,,,,,,,,
651,,,,,,,,,,,,,,,,,,,
652,,,,,,,,,,,,,,,,,,,
653,,,,,,,,,,,,,,,,,,,
654,,,,,,,,,,,,,,,,,,,
655,,,,,,,,,,,,,,,,,,,
656,,,,,,,,,,,,,,,,,,,
657,,,,,,,,,,,,,,,,,,,
658,,,,,,,,,,,,,,,,,,,
659,,,,,,,,,,,,,,,,,,,
660,,,,,,,,,,,,,,,,,,,
661,,,,,,,,,,,,,,,,,,,
662,,,,,,,,,,,,,,,,,,,
663,,,,,,,,,,,,,,,,,,,
664,,,,,,,,,,,,,,,,,,,
665,,,,,,,,,,,,,,,,,,,
666,,,,,,,,,,,,,,,,,,,
667,,,,,,,,,,,,,,,,,,,
668,,,,,,,,,,,,,,,,,,,
669,,,,,,,,,,,,,,,,,,,
670,,,,,,,,,,,,,,,,,,,
671,,,,,,,,,,,,,,,,,,,
672,,,,,,,,,,,,,,,,,,,
673,,,,,,,,,,,,,,,,,,,
674,,,,,,,,,,,,,,,,,,,
675,,,,,,,,,,,,,,,,,,,
676,,,,,,,,,,,,,,,,,,,
677,,,,,,,,,,,,,,,,,,,
678,,,,,,,,,,,,,,,,,,,
679,,,,,,,,,,,,,,,,,,,
680,,,,,,,,,,,,,,,,,,,
681,,,,,,,,,,,,,,,,,,,
682,,,,,,,,,,,,,,,,,,,
683,,,,,,,,,,,,,,,,,,,
684,,,,,,,,,,,,,,,,,,,
685,,,,,,,,,,,,,,,,,,,
686,,,,,,,,,,,,,,,,,,,
687,,,,,,,,,,,,,,,,,,,
688,,,,,,,,,,,,,,,,,,,
689,,,,,,,,,,,,,,,,,,,
690,,,,,,,,,,,,,,,,,,,
691,,,,,,,,,,,,,,,,,,,
692,,,,,,,,,,,,,,,,,,,
693,,,,,,,,,,,,,,,,,,,
694,,,,,,,,,,,,,,,,,,,
695,,,,,,,,,,,,,,,,,,,
696,,,,,,,,,,,,,,,,,,,
697,,,,,,,,,,,,,,,,,,,
698,,,,,,,,,,,,,,,,,,,
699,,,,,,,,,,,,,,,,,,,
700,,,,,,,,,,,,,,,,,,,
701,,,,,,,,,,,,,,,,,,,
702,,,,,,,,,,,,,,,,,,,
703,,,,,,,,,,,,,,,,,,,
704,,,,,,,,,,,,,,,,,,,
705,,,,,,,,,,,,,,,,,,,
706,,,,,,,,,,,,,,,,,,,
707,,,,,,,,,,,,,,,,,,,
708,,,,,,,,,,,,,,,,,,,
709,,,,,,,,,,,,,,,,,,,
710,,,,,,,,,,,,,,,,,,,
711,,,,,,,,,,,,,,,,,,,
712,,,,,,,,,,,,,,,,,,,
713,,,,,,,,,,,,,,,,,,,
714,,,,,,,,,,,,,,,,,,,
715,,,,,,,,,,,,,,,,,,,
716,,,,,,,,,,,,,,,,,,,
717,,,,,,,,,,,,,,,,,,,
718,,,,,,,,,,,,,,,,,,,
719,,,,,,,,,,,,,,,,,,,
720,,,,,,,,,,,,,,,,,,,
721,,,,,,,,,,,,,,,,,,,
722,,,,,,,,,,,,,,,,,,,
723,,,,,,,,,,,,,,,,,,,
724,,,,,,,,,,,,,,,,,,,
725,,,,,,,,,,,,,,,,,,,
726,,,,,,,,,,,,,,,,,,,
727,,,,,,,,,,,,,,,,,,,
728,,,,,,,,,,,,,,,,,,,
729,,,,,,,,,,,,,,,,,,,
730,,,,,,,,,,,,,,,,,,,
731,,,,,,,,,,,,,,,,,,,
732,,,,,,,,,,,,,,,,,,,
733,,,,,,,,,,,,,,,,,,,
734,,,,,,,,,,,,,,,,,,,
735,,,,,,,,,,,,,,,,,,,
736,,,,,,,,,,,,,,,,,,,
737,,,,,,,,,,,,,,,,,,,
738,,,,,,,,,,,,,,,,,,,
739,,,,,,,,,,,,,,,,,,,
740,,,,,,,,,,,,,,,,,,,
741,,,,,,,,,,,,,,,,,,,
742,,,,,,,,,,,,,,,,,,,
743,,,,,,,,,,,,,,,,,,,
744,,,,,,,,,,,,,,,,,,,
745,,,,,,,,,,,,,,,,,,,
746,,,,,,,,,,,,,,,,,,,
747,,,,,,,,,,,,,,,,,,,
748,,,,,,,,,,,,,,,,,,,
749,,,,,,,,,,,,,,,,,,,
750,,,,,,,,,,,,,,,,,,,
751,,,,,,,,,,,,,,,,,,,
752,,,,,,,,,,,,,,,,,,,
753,,,,,,,,,,,,,,,,,,,
754,,,,,,,,,,,,,,,,,,,
755,,,,,,,,,,,,,,,,,,,
